ID,TITLE,TOPIC_TITLE
m-1608357555-1682084460,会议审议通过了关于强化企业科技创新主体地位的意见关于加强和改进国有经济管理有力支持中国式现代化建设的意见关于促进民营经济发展壮大的意见和中央全面深化改革委员会工作规则中央全面深化改革委员会专项小组工作,企业发展
m-158629831-1682664300,分析研究当前经济形势和经济工作,就业
m-704972677-1680162720,决定从2023年4月开始在全党自上而下分两批开展学习贯彻习近平新时代中国特色社会主义思想主题教育会议审议了领导干部报告个人有关事项规定,教育
m-248496144-1366366560,研究部署在全党深入开展党的群众路线教育实践活动,教育
m-1020277137-1469618520,李克强主持召开国务院常务会议通过十三五国家科技创新专项规划 以创新型国家建设引领和支撑升级发展部署推进互联网+物流 降低企业成本便利群众生活通过国务院及其各部门任命的国家工作人员宪法宣誓组织办法,科技
m-765696670-1467974580,李克强主持召开国务院常务会议部署促进川陕革命老区振兴发展 推动老区加快致富全面奔小康原则通过中长期铁路网规划 以交通大动脉建设支撑经济社会升级发展,交通运输
m-771744735-1501238880,李克强主持召开国务院常务会议确定持续推进商事制度改革的措施 营造有利创业创新的市场环境部署推动中央企业瘦身健体提质增效 以促改革调结构增强企业竞争力,宏观
m-1330964156-1462356360,李克强主持召开国务院常务会议听取山东济南非法经营疫苗系列案件调查处理情况汇报 决定先行对一批责任人实施问责通过国务院关于修改〈疫苗流通和预防接种管理条例〉的决定 强化制度监管决定阶段性降低企业社保缴费,税务
m-1390296674-1662469440,审议通过了关于健全社会主义市场经济条件下关键核心技术攻关新型举国体制的意见关于深化院士制度改革的若干意见关于全面加强资源节约工作的意见关于深化农村集体经营性建设用地入市试点工作的指导意见关于进一步深化,企业发展
m-1093465944-1655899020,审议通过了关于构建数据基础制度更好发挥数据要素作用的意见关于加强和改进行政区划工作的意见关于开展科技人才评价改革试点的工作方案强化大型支付平台企业监管促进支付和金融科技规范健康发展工作方案,科技
m-1265462644-1650370500,审议通过了关于加强数字政府建设的指导意见关于进一步推进省以下财政体制改革工作的指导意见关于建立健全领导干部自然资源资产离任审计评价指标体系的意见十四五时期完善金融支持创新体系工作方案关于完善科技激励机,基建
m-1374331905-1646049000,审议通过了关于加快建设世界一流企业的指导意见推进普惠金融高质量发展的实施意见关于加强基础学科人才培养的意见关于推进国有企业打造原创技术策源地的指导意见会议审议了中央全面深化改革委员会2021年工作总结,企业发展
m-1159679357-1639742340,审议通过了关于加快建设全国统一大市场的意见关于进一步提高政府监管效能推动高质量发展的指导意见关于深入推进世界一流大学和一流学科建设的若干意见关于加强科技伦理治理的指导意见关于推动个人养老金发展的意见,基建
m-1516223471-1637752440,审议通过了科技体制改革三年攻坚方案20212023年关于加快建设全国统一电力市场体系的指导意见关于建立中小学校党组织领导的校长负责制的意见试行关于让文物活起来扩大中华文化国际影响力的实施意见关于支持中,科技
m-1075960190-1630323540,审议通过了关于强化反垄断深入推进公平竞争政策实施的意见关于改革完善体制机制加强战略和应急物资储备安全管理的若干意见关于深入打好污染防治攻坚战的意见关于更加有效发挥统计监督职能作用的意见,物资储备
m-893840485-1625831340,审议通过了关于加快构建新发展格局的指导意见种业振兴行动方案青藏高原生态环境保护和可持续发展方案关于推进自由贸易试验区贸易投资便利化改革创新的若干措施,区域发展
m-1244349627-1621601580,审议通过了关于完善科技成果评价机制的指导意见关于进一步减轻义务教育阶段学生作业负担和校外培训负担的意见深化医疗服务价格改革试点方案关于深化生态保护补偿制度改革的意见关于在城乡建设中加强历史文化保护传承,科技
m-2201641115-1613778060,会议审议通过了中央全面深化改革委员会2020年工作总结报告中央全面深化改革委员会2021年工作要点会议审议通过了关于完善重要民生商品价格调控机制的意见关于推动公立医院高质量发展的意见关于县以下事业单位,民生扶贫
m-2239315930-1609327200,会议审议了党的十八届三中全会以来全面深化改革总结评估报告会议审议通过了关于中央企业党的领导融入公司治理的若干意见试行关于加快建立健全绿色低碳循环发展经济体系的指导意见环境信息依法披露制度改革方案关于建,绿色发展
m-2185760246-1604319240,会议审议通过了关于新时代推进国有经济布局优化和结构调整的意见建设高标准市场体系行动方案全国人民代表大会常务委员会关于加强国有资产管理情况监督的决定关于促进养老托育服务健康发展的意见关于全面推行林长制的,企业发展
m-1500165410-1598965740,会议审议通过了关于推进对外贸易创新发展的实施意见关于新时代振兴中西部高等教育的若干意见关于规范民办义务教育发展的实施意见关于进一步规范医疗行为促进合理医疗检查的指导意见关于进一步推进生活垃圾分类工作的,就业
m-1667378736-1593518760,会议审议通过了国企改革三年行动方案20202022年关于深化新一代信息技术与制造业融合发展的指导意见深化农村宅基地制度改革试点方案关于加快推进媒体深度融合发展的指导意见深化新时代教育评价改革总体方案关,制造业
m-1590710691-1587990360,会议审议通过了关于健全公共卫生应急物资保障体系的实施方案关于推进医疗保障基金监管制度体系改革的指导意见创业板改革并试点注册制总体实施方案全国重要生态系统保护和修复重大工程总体规划20212035年关于,物资储备
m-2280992774-1581684240,会议审议通过了中央全面深化改革委员会2019年工作总结报告中央全面深化改革委员会2020年工作要点会议审议通过了关于新时代加快完善社会主义市场经济体制的意见企业职工基本养老保险全国统筹改革方案赋予科研,企业发展
m-2272270442-1574769360,会议审议通过了关于构建更加完善的要素市场化配置体制机制的意见关于完善农业支持保护制度的意见关于深化我国医疗保障制度改革的意见关于全面加强新时代大中小学劳动教育的意见关于构建现代环境治理体系的指导意见关,农业农村
m-2571298891-1568034000,会议审议通过了关于推动先进制造业和现代服务业深度融合发展的实施意见关于营造更好发展环境支持民营企业改革发展的意见关于推进贸易高质量发展的指导意见关于促进劳动力和人才社会性流动体制机制改革的意见关于减轻,制造业
m-2536860965-1563973380,会议审议通过了国家科技伦理委员会组建方案关于强化知识产权保护的意见关于促进中医药传承创新发展的意见关于深化农村公共基础设施管护体制改革的指导意见长城大运河长征国家文化公园建设方案关于在国土空间规划中统,科技
m-2715151406-1559137800,会议审议通过了关于创新和完善宏观调控的指导意见关于在山西开展能源革命综合改革试点的意见关于深化影视业综合改革促进我国影视业健康发展的意见关于加强创新能力开放合作的若干意见关于治理高值医用耗材的改革方案,宏观
m-1894135898-1552996740,会议审议通过了关于新时代推进西部大开发形成新格局的指导意见关于扩大高校和科研院所科研相关自主权的若干意见关于促进人工智能和实体经济深度融合的指导意见关于加强和改进乡村治理的指导意见关于深化公共资源交易,区域发展
m-3754424002-1548245100,会议审议通过了在上海证券交易所设立科创板并试点注册制总体实施方案关于在上海证券交易所设立科创板并试点注册制的实施意见关于建立以国家公园为主体的自然保护地体系指导意见关于深化教育教学改革全面提高义务教育,教育
m-3689992847-1542237180,会议审议通过了海南省创新驱动发展战略实施方案海南省建设国际旅游消费中心的实施方案关于支持海南全面深化改革开放有关财税政策的实施方案关于支持海南全面深化改革开放综合财力补助资金的管理办法关于调整海南离岛,区域发展
m-1694952985-1537444020,会议审议通过了关于推动高质量发展的意见关于建立更加有效的区域协调发展新机制的意见关于支持自由贸易试验区深化改革创新的若干措施关于完善系统重要性金融机构监管的指导意见关于改革和完善疫苗管理体制的意见关于,区域发展
m-4154976253-1530922380,会议审议通过了关于支持河北雄安新区全面深化改革和扩大开放的指导意见关于建设新时代文明实践中心试点工作的指导意见关于规范校外培训机构发展的意见关于学前教育深化改革规范发展的若干意见关于全面实施预算绩效管,区域发展
m-2726779131-1526041740,会议审议通过了关于地方机构改革有关问题的指导意见关于加强国有企业资产负债约束的指导意见推进中央党政机关和事业单位经营性国有资产集中统一监管试点实施意见高等学校所属企业体制改革的指导意见企业职工基本养老,企业发展
m-848028727-1522238040,会议审议通过了中央全面深化改革委员会工作规则中央全面深化改革委员会专项小组工作规则中央全面深化改革委员会办公室工作细则会议审议了关于深化纪检监察体制改革和中央纪委国家监委机构改革情况的报告关于第一轮中,宏观
m-3468040816-1516709160,会议审议通过了中央有关部门贯彻实施党的十九大〈报告〉重要改革举措分工方案中央全面深化改革领导小组2018年工作要点中央全面深化改革领导小组2017年工作总结报告会议审议通过了关于推进社会公益事业建设领,民生扶贫
m-4281441796-1511182380,会议审议通过了关于建立国务院向全国人大常委会报告国有资产管理情况的制度的意见关于加强贫困村驻村工作队选派管理工作的指导意见农村人居环境整治三年行动方案关于在湖泊实施湖长制的指导意见全面深化新时代教师队,农业农村
m-2186953670-1504012260,会议审议通过了关于完善主体功能区战略和制度的若干意见关于探索建立涉农资金统筹整合长效机制的意见生态环境损害赔偿制度改革方案关于建立健全村务监督委员会的指导意见关于加强法官检察官正规化专业化职业化建设全,农业农村
m-2749812523-1500467580,会议审议通过了关于创新体制机制推进农业绿色发展的意见国家技术转移体系建设方案关于深入推进公共文化机构法人治理结构改革的实施方案关于加强和改进中外人文交流工作的若干意见聘任制公务员管理规定试行关于完善进,绿色发展
m-2965046449-1498465920,会议审议通过了祁连山国家公园体制试点方案中央企业公司制改制工作实施方案地区生产总值统一核算改革方案统计违纪违法责任人处分处理建议办法中国国际进口博览会总体方案关于改进境外企业和对外投资安全工作的若干意,区域发展
m-3443061313-1495545600,会议审议通过了关于深化教育体制机制改革的意见外商投资产业指导目录2017年修订关于规范企业海外经营行为的若干意见关于建立资源环境承载能力监测预警长效机制的若干意见关于深化环境监测改革提高环境监测数据质,教育
m-2466324219-1492516380,会议审议通过了关于加快构建政策体系培育新型农业经营主体的意见关于进一步激发和保护企业家精神的意见关于建立现代医院管理制度的指导意见关于改革完善短缺药品供应保障机制的实施意见关于办理刑事案件严格排除非法,农业农村
m-1586309987-1490361060,会议审议通过了全面深化中国上海自由贸易试验区改革开放方案关于深化科技奖励制度改革的方案会议审议了农业转移人口市民化改善贫困地区孩子上学条件建立居民身份证异地受理挂失申报和丢失招领制度解决无户口人员登记,科技
m-3754111871-1486380600,会议审议通过了新时期产业工人队伍建设改革方案关于加强党对地方外事工作领导体制改革的实施意见关于改革驻外机构领导机制管理体制和监督机制的实施意见关于改革对外工作队伍建设的实施意见关于改革援外工作的实施意,企业发展
m-2649666294-1483101300,会议审议通过了中央全面深化改革领导小组2016年工作总结报告中央全面深化改革领导小组2017年工作要点会议审议通过了关于加快构建中国特色哲学社会科学的意见关于进一步改革完善药品生产流通使用政策的若干意,宏观
m-2832307310-1480941600,会议审议通过了关于深化国有企业和国有资本审计监督的若干意见国务院国资委以管资本为主推进职能转变方案关于健全国家自然资源资产管理体制试点方案关于开展知识产权综合管理改革试点总体方案关于加强乡镇政府服务能,企业发展
m-2912246172-1477997640,会议审议通过了建立以绿色生态为导向的农业补贴制度改革方案关于进一步加强和改进中华文化走出去工作的指导意见关于深化职称制度改革的意见关于划定并严守生态保护红线的若干意见关于最高人民法院增设巡回法庭的请示,绿色发展
m-2385990616-1476190800,会议审议通过了关于推进防灾减灾救灾体制机制改革的意见关于全面推行河长制的意见关于深化统计管理体制改革提高统计数据真实性的意见关于进一步把社会主义核心价值观融入法治建设的指导意见关于全面放开养老服务市场,交通运输
m-3300461657-1472559000,会议审议通过了关于构建绿色金融体系的指导意见关于完善产权保护制度依法保护产权的意见关于创新政府配置资源方式的指导意见关于实行以增加知识价值为导向分配政策的若干意见关于进一步推广深化医药卫生体制改革经验,绿色发展
m-1572831058-1469190360,会议审议通过了贫困地区水电矿产资源开发资产收益扶贫改革试点方案关于加强文化领域行业组织建设的指导意见关于认罪认罚从宽制度改革试点方案关于建立法官检察官惩戒制度的意见(试行)关于省以下环保机构监测监察执,民生扶贫
m-1849531902-1467029700,会议审议通过了关于完善人大代表联系人民群众制度的实施意见关于推进以审判为中心的刑事诉讼制度改革的意见关于设立统一规范的国家生态文明试验区的意见国家生态文明试验区福建实施方案关于加快推进失信被执行人信用,绿色发展
m-1318356038-1463733120,会议审议通过了关于统筹推进城乡义务教育一体化改革发展的若干意见关于深化公安执法规范化建设的意见关于支持和发展志愿服务组织的意见探索实行耕地轮作休耕制度试点方案关于发展涉外法律服务业的意见各地区以改革举,教育
m-3065398647-1460977620,会议审议通过了北京市广东省重庆市新疆维吾尔自治区关于进一步规范领导干部配偶子女及其配偶经商办企业行为的规定试行关于建立公平竞争审查制度的意见专业技术类公务员管理规定试行行政执法类公务员管理规定试行关于,宏观
m-1813450778-1458641700,会议审议通过了关于推行法律顾问制度和公职律师公司律师制度的意见关于健全生态保护补偿机制的意见关于建立贫困退出机制的意见关于加强儿童医疗卫生服务改革与发展的意见关于深化投融资体制改革的意见关于建立法官检,绿色发展
m-2823697944-1456231260,会议听取了经济体制和生态文明体制改革专项小组关于生态文明体制改革总体方案推进落实情况汇报社会体制改革专项小组关于司法体制改革推进落实情况汇报党的纪律检查体制改革专项小组关于党的纪律检查体制改革推进落实,绿色发展
m-1626917446-1452512880,会议审议通过了关于全面推进政务公开工作的意见关于完善国家工作人员学法用法制度的意见关于保护奖励职务犯罪举报人的若干规定关于开展承担行政职能事业单位改革试点的指导意见科协系统深化改革实施方案关于健全落实,宏观
m-2303978898-1449657720,会议审议通过了国务院部门权力和责任清单编制试点方案关于做好新时期教育对外开放工作的若干意见关于整合城乡居民基本医疗保险制度的意见关于解决无户口人员登记户口问题的意见中国三江源国家公园体制试点方案关于在,教育
m-1579019405-1447054140,会议审议通过了全国总工会改革试点方案上海市群团改革试点方案重庆市群团改革试点方案关于加快实施自由贸易区战略的若干意见关于促进加工贸易创新发展的若干意见推进普惠金融发展规划20162020年关于深入推进,企业发展
m-1045101327-1444726800,会议审议通过了关于加强和改进行政应诉工作的意见深化国税地税征管体制改革方案关于进一步推进农垦改革发展的意见关于国有企业功能界定与分类的指导意见关于完善矛盾纠纷多元化解机制的意见,税务
m-1803004536-1442308140,会议审议通过了关于实行市场准入负面清单制度的意见关于支持沿边重点地区开发开放若干政策措施的意见关于推进价格机制改革的若干意见关于鼓励和规范国有企业投资项目引入非国有资本的指导意见关于深化律师制度改革的,企业发展
m-1766176588-1439896620,会议审议通过了关于改进审计查出突出问题整改情况向全国人大常委会报告机制的意见关于完善人民法院司法责任制的若干意见关于完善人民检察院司法责任制的若干意见统筹推进世界一流大学和一流学科建设总体方案全面改善,企业发展
m-1314091701-1435753860,会议审议通过了环境保护督察方案试行生态环境监测网络建设方案关于开展领导干部自然资源资产离任审计的试点方案党政领导干部生态环境损害责任追究办法试行关于推动国有文化企业把社会效益放在首位实现社会效益和经济,科技
m-1627243810-1433496000,会议审议通过了关于在深化国有企业改革中坚持党的领导加强党的建设的若干意见关于加强和改进企业国有资产监督防止国有资产流失的意见关于完善国家统一法律职业资格制度的意见关于招录人民法院法官助理人民检察院检察,企业发展
m-1194408427-1430825460,会议审议通过了关于在部分区域系统推进全面创新改革试验的总体方案检察机关提起公益诉讼改革试点方案关于完善法律援助制度的意见深化科技体制改革实施方案中国科协所属学会有序承接政府转移职能扩大试点工作实施方案,科技
m-1062783316-1427887500,会议审议通过了乡村教师支持计划20152020年关于城市公立医院综合改革试点的指导意见人民陪审员制度改革试点方案关于人民法院推行立案登记制改革的意见党的十八届四中全会重要举措实施规划20152020年,教育
m-1129323348-1425026220,会议审议通过了中国足球改革总体方案关于领导干部干预司法活动插手具体案件处理的记录通报和责任追究规定深化人民监督员制度改革方案上海市开展进一步规范领导干部配偶子女及其配偶经商办企业管理工作的意见,企业发展
m-1340395632-1422606540,会议审议通过了关于贯彻落实党的十八届四中全会决定进一步深化司法体制和社会体制改革的实施方案省自治区直辖市纪委书记副书记提名考察办法试行中央纪委派驻纪检组组长副组长提名考察办法试行中管企业纪委书记副书记,企业发展
m-759148178-1419929880,会议审议通过了关于2014年全面深化改革工作的总结报告中央全面深化改革领导小组2015年工作要点贯彻实施党的十八届四中全会决定重要举措2015年工作要点,宏观
m-1926331584-1417517100,会议审议了关于农村土地征收集体经营性建设用地入市宅基地制度改革试点工作的意见关于加快构建现代公共文化服务体系的意见关于县以下机关建立公务员职务与职级并行制度的意见关于加强中央纪委派驻机构建设的意见审议,农业农村
m-1488894007-1414411080,会议审议了关于加强社会主义协商民主建设的意见关于中国上海自由贸易试验区工作进展和可复制改革试点经验的推广意见关于加强中国特色新型智库建设的意见审议通过了关于国家重大科研基础设施和大型科研仪器向社会开放,企业发展
m-1254060627-1411991460,会议审议了关于引导农村土地承包经营权有序流转发展农业适度规模经营的意见积极发展农民股份合作赋予集体资产股份权能改革试点方案关于深化中央财政科技计划专项基金等管理改革的方案建议根据会议讨论情况进一步修改,农业农村
m-1095808512-1408359360,会议审议了中央管理企业主要负责人薪酬制度改革方案关于合理确定并严格规范中央企业负责人履职待遇业务支出的意见关于深化考试招生制度改革的实施意见建议根据会议讨论情况进一步修改完善后按程序报批实施,企业发展
m-1484661504-1402046220,会议审议了深化财税体制改革总体方案和关于进一步推进户籍制度改革的意见建议根据会议讨论情况进一步修改完善后按程序报批实施会议审议通过了关于司法体制改革试点若干问题的框架意见上海市司法改革试点工作方案和关,税务
m-2021450850-1393591620,会议审议通过了中央全面深化改革领导小组2014年工作要点审议通过了关于十八届三中全会〈决定〉提出的立法工作方面要求和任务的研究意见关于经济体制和生态文明体制改革专项小组重大改革的汇报深化文化体制改革实,宏观
m-2401430627-1390397760,会议审议通过了中央全面深化改革领导小组工作规则中央全面深化改革领导小组专项小组工作规则中央全面深化改革领导小组办公室工作细则审议通过了中央全面深化改革领导小组下设经济体制和生态文明体制改革民主法制领域,宏观
m-451297710-1670380560,分析研究2023年经济工作听取中央纪委国家监委工作汇报研究部署2023年党风廉政建设和反腐败工作,科技
m-788449493-1666690320,研究部署学习宣传贯彻党的二十大精神审议中共中央政治局关于加强和维护党中央集中统一领导的若干规定中共中央政治局贯彻落实中央八项规定实施细则,宏观
m-1585608346-1662709440,研究拟提请党的十九届七中全会讨论的十九届中央委员会向中国共产党第二十次全国代表大会的报告稿中国共产党章程修正案稿十九届中央纪律检查委员会向中国共产党第二十次全国代表大会的工作报告稿审议十九届中央政治局,宏观
m-465612500-1661856840,研究中国共产党第十九届中央委员会第七次全体会议和中国共产党第二十次全国代表大会筹备工作,宏观
m-455947505-1658999160,分析研究当前经济形势部署下半年经济工作审议关于十九届中央第九轮巡视情况的综合报告,宏观
m-305310295-1655448360,审议关于十九届中央第八轮巡视金融单位整改进展情况的报告,宏观
m-189352311-1653630360,审议中国共产党政治协商工作条例,教育
m-362985919-1651209120,分析研究当前经济形势和经济工作审议国家十四五期间人才发展规划,就业
m-902516304-1645776900,讨论国务院拟提请第十三届全国人民代表大会第五次会议审议的政府工作报告稿审议关于十九届中央第八轮巡视情况的综合报告和关于2021年中央巡视工作领导小组重点工作情况的报告,宏观
m-836569336-1643023140,审议中央政治局常委会听取和研究全国人大常委会国务院全国政协最高人民法院最高人民检察院党组工作汇报和中央书记处工作报告的综合情况报告信访工作条例,宏观
m-668729471-1638783360,分析研究2022年经济工作听取中央纪委国家监委工作汇报研究部署2022年党风廉政建设和反腐败工作审议中国共产党纪律检查委员会工作条例,宏观
m-457217324-1637238540,审议国家安全战略20212025年军队功勋荣誉表彰条例和国家科技咨询委员会2021年咨询报告,宏观
m-636579347-1634541000,研究全面总结党的百年奋斗重大成就和历史经验问题会议决定中国共产党第十九届中央委员会第六次全体会议于11月8日至11日在北京召开,宏观
m-1101484733-1630408980,决定2021年11月在北京召开中国共产党第十九届中央委员会第六次全体会议主要议程是中共中央政治局向中央委员会报告工作重点研究全面总结党的百年奋斗的重大成就和历史经验问题审议关于十九届中央第七轮巡视情况,宏观
m-211479632-1627634160,分析研究当前经济形势部署下半年经济工作,宏观
m-548526843-1622445420,听取十四五时期积极应对人口老龄化重大政策举措汇报审议关于优化生育政策促进人口长期均衡发展的决定,能源
m-513492310-1619781120,分析研究当前经济形势和经济工作听取第三次全国国土调查主要情况汇报审议中国共产党组织工作条例,宏观
m-270191290-1617100680,审议关于新时代推动中部地区高质量发展的指导意见,区域发展
m-1089062831-1614329100,讨论国务院拟提请第十三届全国人民代表大会第四次会议审查的中华人民共和国国民经济和社会发展第十四个五年规划和二〇三五年远景目标纲要草案稿和审议的政府工作报告稿审议中国共产党普通高等学校基层组织工作条例,区域发展
m-1494386734-1611819660,审议中央政治局常委会听取和研究全国人大常委会国务院全国政协最高人民法院最高人民检察院党组工作汇报和中央书记处工作报告的综合情况报告关于加强基层治理体系和治理能力现代化建设的意见关于十九届中央第六轮巡视,宏观
m-662057366-1607682780,分析研究2021年经济工作听取中央纪委国家监委工作汇报研究部署2021年党风廉政建设和反腐败工作审议中国共产党地方组织选举工作条例,宏观
m-464316329-1606727400,审议军队政治工作条例中国共产党统一战线工作条例中国共产党党员权利保障条例,教育
m-201955156-1602839100,审议成渝地区双城经济圈建设规划纲要,区域发展
m-566793936-1601287860,研究制定国民经济和社会发展第十四个五年规划和二〇三五年远景目标重大问题审议中国共产党中央委员会工作条例,宏观
m-447686369-1598872320,审议黄河流域生态保护和高质量发展规划纲要和关于十九届中央第五轮巡视情况的综合报告,绿色发展
m-1192267460-1596107220,决定2020年10月在北京召开中国共产党第十九届中央委员会第五次全体会议主要议程是中共中央政治局向中央委员会报告工作研究关于制定国民经济和社会发展第十四个五年规划和二〇三五年远景目标的建议会议分析研究,区域发展
m-374118826-1593422220,审议中国共产党军队党的建设条例和中国共产党基层组织选举工作条例,税务
m-401502596-1589541900,讨论国务院拟提请第十三届全国人民代表大会第三次会议审议的政府工作报告稿,宏观
m-576657358-1587121500,分析国内外新冠肺炎疫情防控形势研究部署抓紧抓实抓细常态化疫情防控工作分析研究当前经济形势部署当前经济工作,新冠疫情
m-465789450-1585308120,分析国内外新冠肺炎疫情防控和经济运行形势 研究部署进一步统筹推进疫情防控和经济社会发展工作,新冠疫情
m-348694550-1582291800,研究新冠肺炎疫情防控工作部署统筹做好疫情防控和经济社会发展工作,新冠疫情
m-1204586538-1579174680,审议中央政治局常委会听取和研究全国人大常委会国务院全国政协最高人民法院最高人民检察院党组工作汇报和中央书记处工作报告的综合情况报告关于十九届中央第四轮巡视情况的综合报告关于2019年中央巡视工作领导小,宏观
m-456197241-1575630780,分析研究2020年经济工作听取中央纪律检查委员会工作汇报研究部署2020年党风廉政建设和反腐败工作,宏观
m-492762243-1575026820,审议中国共产党党和国家机关基层组织工作条例和中国共产党国有企业基层组织工作条例试行,税务
m-437164680-1571896680,研究坚持和完善中国特色社会主义制度推进国家治理体系和治理能力现代化若干重大问题,宏观
m-400217229-1569311100,审议新时代爱国主义教育实施纲要和中国共产党党校行政学院工作条例,教育
m-1701750739-1567160640,决定2019年10月在北京召开中国共产党第十九届中央委员会第四次全体会议主要议程是中共中央政治局向中央委员会报告工作研究坚持和完善中国特色社会主义制度推进国家治理体系和治理能力现代化若干重大问题会议审,宏观
m-580554155-1564480200,分析研究当前经济形势部署下半年经济工作审议中国共产党问责条例和关于十九届中央第三轮巡视情况的综合报告,宏观
m-333711114-1561366740,审议中国共产党机构编制工作条例和中国共产党农村工作条例,农业农村
m-494627469-1557749340,研究部署在全党开展不忘初心牢记使命主题教育工作审议长江三角洲区域一体化发展规划纲要,教育
m-684189614-1555665540,分析研究当前经济形势部署当前经济工作听取2018年脱贫攻坚成效考核等情况汇报对打好脱贫攻坚战提出要求审议中国共产党宣传工作条例,宏观
m-351277811-1553859540,审议中国共产党党组工作条例和中国共产党党员教育管理工作条例,税务
m-1053471431-1550825220,讨论国务院拟提请第十三届全国人民代表大会第二次会议审议的政府工作报告稿审议关于2018年中央巡视工作领导小组重点工作情况报告关于中央脱贫攻坚专项巡视情况的综合报告和党政领导干部考核工作条例,民生扶贫
m-1288362178-1548409920,审议中央政治局常委会听取和研究全国人大常委会国务院全国政协最高人民法院最高人民检察院党组工作汇报和中央书记处工作报告的综合情况报告中共中央关于加强党的政治建设的意见中国共产党重大事项请示报告条例党政领,宏观
m-168634057-1545893340,审议中国共产党政法工作条例,科技
m-456197272-1544690340,分析研究2019年经济工作听取中央纪律检查委员会工作汇报研究部署2019年党风廉政建设和反腐败工作,宏观
m-434405897-1543221180,审议中国共产党农村基层组织工作条例和中国共产党纪律检查机关监督执纪工作规则,农业农村
m-200356736-1540982160,分析研究当前经济形势部署当前经济工作,宏观
m-364234635-1537524300,审议中国共产党支部工作条例试行和20182022年全国干部教育培训规划,教育
m-313065394-1533035580,分析研究当前经济形势和经济工作 审议中国共产党纪律处分条例,宏观
m-317002570-1530263940,审议关于适应新时代要求大力发现培养选拔优秀年轻干部的意见,企业发展
m-383732608-1527760560,审议乡村振兴战略规划20182022年和关于打赢脱贫攻坚战三年行动的指导意见,农业农村
m-433693741-1524472920,分析研究当前经济形势和经济工作审议关于新时代加强党政军警民合力强边固防的意见,宏观
m-396509611-1522402440,听取2017年省级党委和政府脱贫攻坚工作成效考核情况汇报对打好脱贫攻坚战提出要求,民生扶贫
m-1606006706-1519462140,决定2018年2月26日至28日在北京召开中国共产党第十九届中央委员会第三次全体会议讨论了中共中央政治局向中央委员会作的工作报告听取了中共中央关于深化党和国家机构改革的决定稿在党内外一定范围征求意见的,宏观
m-737264628-1454062500,审议中央政治局常委会听取和研究全国人大常委会国务院全国政协最高人民法院最高人民检察院党组工作汇报和中央书记处工作报告的综合情况报告,宏观
m-535091086-1515738360,研究修改宪法部分内容的建议会议决定中国共产党第十九届中央委员会第二次全体会议于1月18日至19日在北京召开,宏观
m-902907853-1514355600,决定2018年1月召开中国共产党第十九届中央委员会第二次全体会议主要议程是讨论研究修改宪法部分内容的建议会议听取中央纪律检查委员会工作汇报研究部署2018年党风廉政建设和反腐败工作,宏观
m-100312451-1512726120,分析研究2018年经济工作,企业发展
m-221628530-1512033180,审议通过中国共产党党务公开条例试行,税务
m-807466497-1509109860,研究部署学习宣传贯彻党的十九大精神审议中共中央政治局关于加强和维护党中央集中统一领导的若干规定和中共中央政治局贯彻落实中央八项规定的实施细则,教育
m-195365993-1505731440,研究拟提请党的十八届七中全会讨论的文件,宏观
m-459077834-1504174380,研究中国共产党第十八届中央委员会第七次全体会议和中国共产党第十九次全国代表大会筹备工作,宏观
m-150077123-1461930780,分析研究当前经济形势和经济工作,就业
m-220633729-1498642140,审议关于巡视31所中管高校党委情况的专题报告,教育
m-466654622-1495798560,审议关于修改〈中国共产党巡视工作条例〉的决定和关于巡视中央意识形态单位情况的专题报告,宏观
m-373345434-1493113800,分析研究当前经济形势和经济工作审议关于巡视中央政法单位情况的专题报告,宏观
m-398249040-1490957460,听取2016年省级党委和政府脱贫攻坚工作成效考核情况汇报对推进脱贫攻坚工作提出要求,民生扶贫
m-926719543-1487677020,讨论国务院拟提请第十二届全国人民代表大会第五次会议审议的政府工作报告稿审议关于巡视中央和国家机关全覆盖情况的专题报告和关于推进两学一做学习教育常态化制度化的意见,宏观
m-901058405-1485077580,决定设立中央军民融合发展委员会审议中央政治局常委会听取和研究全国人大常委会国务院全国政协最高人民法院最高人民检察院党组工作汇报和中央书记处工作报告的综合情况报告,区域发展
m-357526659-1482916320,听取中央纪律检查委员会2016年工作汇报研究部署2017年党风廉政建设和反腐败工作,宏观
m-296339256-1481276040,分析研究2017年经济工作审议通过关于加强国家安全工作的意见,就业
m-706000228-1480504920,审议通过规范党和国家领导人有关待遇等文件中国共产党工作机关条例试行关于县以上党和国家机关党员领导干部民主生活会的若干规定,教育
m-127767351-1474966620,研究全面从严治党重大问题,宏观
m-146855094-1472214420,审议通过健康中国2030规划纲要,能源
m-319766625-1469533320,决定2016年10月在北京召开中国共产党第十八届中央委员会第六次全体会议,区域发展
m-157775068-1467105720,审议通过中国共产党问责条例,科技
m-329489939-1464345480,研究部署规划建设北京城市副中心和进一步推动京津冀协同发展有关工作,区域发展
m-383451776-1458923700,审议通过关于经济建设和国防建设融合发展的意见长江经济带发展规划纲要,区域发展
m-713832783-1456140420,讨论国务院拟提请第十二届全国人民代表大会第四次会议审议的政府工作报告稿和审查的中华人民共和国国民经济和社会发展第十三个五年规划纲要草案稿,宏观
m-648649371-1451468340,听取中央纪律检查委员会2015年工作汇报研究部署2016年党风廉政建设和反腐败工作审议通过关于全面振兴东北地区等老工业基地的若干意见,区域发展
m-940497618-1450088880,分析研究2016年经济工作研究部署城市工作审议通过关于建立健全党和国家功勋荣誉表彰制度的意见中国共产党地方委员会工作条例关于实施全面两孩政策改革完善计划生育服务管理的决定,区域发展
m-654481229-1448269920,审议通过关于打赢脱贫攻坚战的决定关于加强和改进新形势下党校工作的意见听取关于巡视55家国有重要骨干企业有关情况的专题报告,民生扶贫
m-968551604-1444642080,研究制定国民经济和社会发展第十三个五年规划重大问题审议通过中国共产党廉洁自律准则中国共产党纪律处分条例会议决定中国共产党第十八届中央委员会第五次全体会议于10月26日至29日在北京召开,区域发展
m-371370914-1441964640,审议通过了生态文明体制改革总体方案关于繁荣发展社会主义文艺的意见,绿色发展
m-564994786-1438256400,分析研究当前经济形势和经济工作研究进一步推进西藏经济社会发展和长治久安工作决定设立中央统一战线工作领导小组,宏观
m-850336587-1437386880,决定2015年10月在北京召开中国共产党第十八届中央委员会第五次全体会议主要议程是中共中央政治局向中央委员会报告工作研究关于制定国民经济和社会发展第十三个五年规划的建议,区域发展
m-444525866-1435309020,审议中国共产党巡视工作条例修订稿关于推进领导干部能上能下的若干规定试行,宏观
m-212577121-1432895460,审议通过中国共产党党组工作条例试行,税务
m-528300786-1430386740,分析研究当前经济形势和经济工作审议通过中国共产党统一战线工作条例试行京津冀协同发展规划纲要,宏观
m-686408629-1427192820,审议通过关于加快推进生态文明建设的意见审议通过广东天津福建自由贸易试验区总体方案进一步深化上海自由贸易试验区改革开放方案,绿色发展
m-690947829-1423738260,讨论国务院拟提请第十二届全国人民代表大会第三次会议审议的政府工作报告稿审议关于巡视31个省区市和新疆生产建设兵团情况的专题报告,宏观
m-1094103148-1422009780,审议通过国家安全战略纲要听取全国人大常委会国务院全国政协最高人民法院最高人民检察院党组向中央政治局常委会汇报工作的综合情况报告听取关于2014年贯彻执行中央八项规定情况的汇报研究部署下一步改进作风工作,宏观
m-796431108-1419851160,听取中央纪律检查委员会2014年工作汇报研究部署2015年党风廉政建设和反腐败工作审议通过关于加强社会主义协商民主建设的意见关于加强和改进党的群团工作的意见,宏观
m-435384815-1417795200,分析研究2015年经济工作 审议并通过中共中央纪律检查委员会关于周永康严重违纪案的审查报告,企业发展
m-971786566-1412071140,研究全面推进依法治国重大问题总结全党深入开展党的群众路线教育实践活动研究部署巩固扩大教育实践活动成果工作会议决定中国共产党第十八届中央委员会第四次全体会议于10月20日至23日在北京召开,企业发展
m-942091776-1409303100,审议深化党的建设制度改革实施方案中央管理企业负责人薪酬制度改革方案关于合理确定并严格规范中央企业负责人履职待遇业务支出的意见关于深化考试招生制度改革的实施意见,企业发展
m-298390897-1406636940,决定召开十八届四中全会 讨论研究当前经济形势和下半年经济工作,宏观
m-536481258-1404160080,审议深化财税体制改革总体方案关于进一步推进户籍制度改革的意见党的纪律检查体制改革实施方案,税务
m-210399546-1401101520,研究进一步推进新疆社会稳定和长治久安工作,民生扶贫
m-131782409-1398428220,研究当前经济形势和经济工作,就业
m-393344132-1393232280,讨论国务院拟提请第十二届全国人民代表大会第二次会议审议的政府工作报告稿,宏观
m-715251599-1390561920,研究决定中央国家安全委员会设置听取关于一年来贯彻执行中央八项规定情况的汇报研究部署下一步改进作风工作中共中央总书记习近平主持会议,宏观
m-894937699-1388405400,决定成立中央全面深化改革领导小组由习近平任组长听取中央纪律检查委员会2013年工作汇报研究部署2014年党风廉政建设和反腐败工作审议通过党政领导干部选拔任用工作条例修订稿,企业发展
m-258673278-1386065220,分析研究2014年经济工作听取第二次全国土地调查情况汇报,农业农村
m-756198146-1383038580,讨论十八届二中全会以来中央政治局工作研究全面深化改革重大问题审议并同意印发党政机关厉行节约反对浪费条例决定十八届三中全会于11月9日至12日召开,税务
m-182019458-1380577320,审议并同意印发科学发展观学习纲要,教育
m-707438792-1377638280,决定召开十八届三中全会 研究部署了建立健全惩治和预防腐败体系地方政府职能转变和机构改革等工作听取中国上海自由贸易试验区筹备工作汇报,企业发展
m-185152884-1375215360,讨论研究当前经济形势和下半年经济工作,就业
m-283155388-1372155780,对照检查中央八项规定落实情况讨论研究深化改进作风举措,税务
m-259356661-1366366560,研究部署在全党深入开展党的群众路线教育实践活动工,教育
m-360179912-1361644920,决定今年2月26日至28日在北京召开中国共产党第十八届中央委员会第二次全体会议,宏观
m-200416864-1359404280,研究部署加强新形势下党员发展和管理工作,税务
m-345682363-1356973080,听取中央纪律检查委员会工作汇报研究部署2013年党风廉政建设和反腐败工作,民生扶贫
m-325281766-1354621020,审议关于改进工作作风密切联系群众的有关规定分析研究2013年经济工作,民生扶贫
m-215033322-1353054960,对学习宣传贯彻党的十八大精神进行研究部署,教育
m-156663275-1671200100,2022年中央经济工作会议2022年12月15日-16日,宏观
m-156663209-1639136340,2021年中央经济工作会议2021年12月8日-10日,宏观
m-156663147-1608287940,2020年中央经济工作会议2020年12月16日-18日,宏观
m-156663176-1576148460,2019年中央经济工作会议2019年12月10日-12日,宏观
m-156663279-1545616980,2018年中央经济工作会议2018年12月19日-21日,宏观
m-156663364-1513767660,2017年中央经济工作会议2017年12月18日-20日,宏观
m-156663361-1481886120,2016年中央经济工作会议2016年12月14日-16日,宏观
m-156663345-1450693920,2015年中央经济工作会议2015年12月18日-21日,宏观
m-156663300-1418296200,2014年中央经济工作会议2014年12月9日-11日,宏观
m-156663354-1386969240,2013年中央经济工作会议2013年12月10日-13日,宏观
m-156663353-1355690280,2012年中央经济工作会议2012年12月15日-16日,宏观
m-1029842863-1674917880,李克强主持召开国务院常务会议要求持续抓实当前经济社会发展工作 推动经济运行在年初稳步回升部署做好春耕备耕工作 为粮食丰收和重要农产品稳定供应打牢基础要求推动消费加快恢复和保持外贸外资稳定 增强对经济的,企业发展
m-716623007-1672845600,李克强主持召开国务院常务会议部署进一步做好重要民生商品和能源保供稳价等工作 保障群众生活和企业生产需求要求抓实抓细重点民生工作 确保群众过好春节,民生扶贫
m-1008064059-1671635580,李克强主持召开国务院常务会议部署深入抓好稳经济一揽子政策措施落地见效 推动经济巩固回稳基础保持运行在合理区间确定加强重点商品保供稳价措施 保障群众生活需求部署持续做好稳就业保民生工作 兜牢民生底线,民生扶贫
m-805264150-1669215540,李克强主持召开国务院常务会议部署抓实抓好稳经济一揽子政策和接续措施全面落地见效 巩固经济回稳向上基础决定向地方派出督导工作组 促前期已出台政策措施切实落地,宏观
m-1221777228-1666882920,李克强主持召开国务院常务会议部署持续落实好稳经济一揽子政策和接续措施 推动经济进一步回稳向上听取财政金融政策工具支持重大项目建设和设备更新改造情况汇报 部署加快释放扩消费政策效应要求深入落实制造业增量,制造业
m-1769681717-1664286480,李克强主持召开国务院常务会议决定对部分行政事业性收费和保证金实行阶段性缓缴 进一步帮助市场主体减负纾困部署推进政务服务跨省通办扩面增效举措 激发市场活力便利群众生活部署抓好秋粮收获和加强农业农村基础设,农业农村
m-1322528334-1663860180,李克强主持召开国务院常务会议听取国务院第九次大督查情况汇报 要求狠抓政策落实推动经济回稳向上确定深入推进一件事一次办改革举措 为企业和群众增便利确定强化交通物流保通保畅和支持相关市场主体纾困的政策 支,交通运输
m-1655778614-1663168560,李克强主持召开国务院常务会议决定进一步延长制造业缓税补缴期限 加力助企纾困确定专项再贷款与财政贴息配套支持部分领域设备更新改造 扩市场需求增发展后劲部署进一步稳外贸稳外资的举措 助力经济巩固恢复基础确,制造业
m-1638124634-1662650520,李克强主持召开国务院常务会议部署加力支持就业创业的政策 拓展就业空间培育壮大市场主体和经济新动能决定对部分领域设备更新改造贷款阶段性财政贴息和加大社会服务业信贷支持 促进消费发挥主拉动作用部署阶段性支,就业
m-871443508-1661956200,李克强主持召开国务院常务会议听取稳住经济大盘督导和服务工作汇报 部署充分释放政策效能加快扩大有效需求确定进一步优化营商环境降低制度性交易成本的措施 持续为市场主体减负激活力,宏观
m-1817717883-1661351040,李克强主持召开国务院常务会议部署稳经济一揽子政策的接续政策措施 加力巩固经济恢复发展基础决定增加政策性开发性金融工具额度和依法用好专项债结存限额 再次增发农资补贴和支持发电企业发债融资确定缓缴一批行政,宏观
m-1336249159-1660919880,李克强主持召开国务院常务会议部署推动降低企业融资成本和个人消费信贷成本的措施 加大金融支持实体经济力度部署加大困难群众基本生活保障力度的举措 兜牢民生底线确定支持养老托育服务业纾困的措施 帮扶渡过难关,民生扶贫
m-947253731-1659103860,李克强主持召开国务院常务会议部署进一步扩需求举措 推动有效投资和增加消费部署毫不松懈抓好秋粮生产 确保实现全年粮食丰收部署进一步做好防汛抗旱和应对自然灾害工作 切实保障群众生命财产安全,民生扶贫
m-666320944-1658503080,李克强主持召开国务院常务会议部署持续扩大有效需求的政策举措 增强经济恢复发展拉动力确定进一步规范行政裁量权 决定取消和调整一批罚款事项,基建
m-636601285-1657720260,李克强主持召开国务院常务会议部署加力稳岗拓岗的政策举措 确保就业大局稳定要求多措并举扩消费 确定支持绿色智能家电消费的措施,就业
m-660781912-1657117620,李克强主持召开国务院常务会议部署中央预算执行和其他财政收支审计查出问题整改工作确定有序推进电子证照应用的举措 激发市场主体活力,宏观
m-1196324441-1656594540,李克强主持召开国务院常务会议确定政策性开发性金融工具支持重大项目建设的举措 扩大有效投资促进就业和消费部署加大重点工程以工代赈力度 拓展就业岗位带动农民工等增收决定开展提升高水平医院临床研究和成果转化,就业
m-1049046518-1655905680,李克强主持召开国务院常务会议部署继续做好防汛救灾工作 切实保障人民群众生命财产安全听取稳定粮食生产工作汇报 进一步部署确保全年粮食丰收的举措确定加大汽车消费支持的政策 决定完善自然科学基金资助体系的措,交通运输
m-1093843828-1655297820,李克强主持召开国务院常务会议部署支持民间投资和推进一举多得项目的措施 更好扩大有效投资带动消费和就业确定阶段性缓缴中小微企业职工医保单位缴费 加力支持纾困和稳岗决定开展涉企违规收费专项整治 部署缓缴行,就业
m-777721406-1654693500,李克强主持召开国务院常务会议听取稳增长稳市场主体保就业专项督查情况汇报 要求打通堵点完善配套充分发挥政策效应部署进一步稳外贸稳外资举措 提升对外开放水平,国际关系
m-804770129-1654090500,李克强主持召开国务院常务会议 部署加快稳经济一揽子政策措施落地生效 让市场主体和人民群众应知尽知应享尽享 安排进一步加大困难群众救助帮扶力度 兜牢基本民生底线,民生扶贫
m-505142984-1653311040,李克强主持召开国务院常务会议进一步部署稳经济一揽子措施 努力推动经济回归正常轨道确保运行在合理区间,宏观
m-974357872-1652279880,李克强主持召开国务院常务会议要求财政货币政策以就业优先为导向 稳住经济大盘部署进一步盘活存量资产 拓宽社会投资渠道扩大有效投资决定阶段性免除经济困难高校毕业生国家助学贷款利息并允许延期还本,就业
m-741978532-1651758720,李克强主持召开国务院常务会议部署进一步为中小微企业和个体工商户纾困举措 以保市场主体稳就业确定推动外贸保稳提质的措施 助力稳经济稳产业链供应链,宏观
m-695220718-1651065420,李克强主持召开国务院常务会议决定加大稳岗促就业政策力度 保持就业稳定和经济平稳运行听取交通物流保通保畅工作汇报 要求进一步打通堵点畅通循环,就业
m-758543456-1650462600,李克强主持召开国务院常务会议部署进一步抓好春季农业生产的措施 确保粮食丰收和重要农产品稳定供应确定能源保供增供举措 提升能源对经济社会发展的保障能力,交通运输
m-978410398-1649855760,李克强主持召开国务院常务会议 部署促进消费的政策举措 助力稳定经济基本盘和保障改善民生 决定进一步加大出口退税等政策支持力度 促进外贸平稳发展 确定加大金融支持实体经济的措施 引导降低市场主体融资成本,就业
m-786697799-1649252220,李克强主持召开国务院常务会议决定对特困行业实行阶段性缓缴养老保险费政策 加大失业保险支持稳岗和培训力度部署适时运用货币政策工具 更加有效支持实体经济发展,宏观
m-993781349-1648646220,李克强主持召开国务院常务会议要求压实责任落细措施 坚决防止重特大安全事故部署用好政府债券扩大有效投资 促进补短板增后劲和经济稳定增长决定新开工一批条件成熟的水利工程 提高水资源保障和防灾减灾能力,交通运输
m-754197871-1647866220,李克强主持召开国务院常务会议确定实施大规模增值税留抵退税的政策安排 为稳定宏观经济大盘提供强力支撑部署综合施策稳定市场预期 保持资本市场平稳健康发展,宏观
m-569948414-1647263100,李克强主持召开国务院常务会议确定政府工作报告重点任务分工 要求扎实有力抓落实推动经济在爬坡过坎中保持平稳运行,宏观
m-780375500-1644929160,李克强主持召开国务院常务会议听取2021年全国两会建议提案办理情况汇报 要求汇聚众智做好今年政府工作确定促进工业经济平稳增长和服务业特殊困难行业纾困发展的措施,制造业
m-740141958-1642600020,李克强主持召开国务院常务会议部署进一步加强下一阶段特别是春节期间煤电油气运保障和市场保供决定延续实施部分到期的减税降费政策 支持企业纾困和发展,交通运输
m-871920156-1641822600,李克强主持召开国务院常务会议部署加快推进十四五规划纲要和专项规划确定的重大项目 扩大有效投资决定常态化制度化开展药品和高值医用耗材集中带量采购 进一步降低患者医药负担,医药健康
m-741399694-1641302880,李克强主持召开国务院常务会议部署全面实行行政许可事项清单管理的措施 规范权力运行更大程度利企便民决定实施企业信用风险分类管理 推动监管更加公平有效,宏观
m-787660734-1640781480,李克强主持召开国务院常务会议部署做好2022年春运疫情防控工作决定延续实施部分个人所得税优惠政策确定加强乡村教师队伍建设和保障进城务工人员随迁子女就学的措施,新冠疫情
m-594424299-1640240040,李克强主持召开国务院常务会议确定跨周期调节措施 推动外贸稳定发展部署做好区域全面经济伙伴关系协定生效后实施工作,就业
m-667441435-1639572060,李克强主持召开国务院常务会议部署进一步采取市场化方式加强对中小微企业的金融支持确定加大对制造业支持的政策举措 促进实体经济稳定发展,制造业
m-802837454-1638366000,李克强主持召开国务院常务会议部署清理拖欠中小企业账款和保障农民工工资及时足额支付的措施审议通过十四五职业技能培训规划 加快培养高素质劳动者和技术技能人才,就业
m-787709774-1637763840,李克强主持召开国务院常务会议部署完善地方政府专项债券管理 优化资金使用严格资金监管确定深入推进跨省异地就医费用直接结算的措施 进一步便利群众就近看病用药,交通运输
m-817529321-1637157540,李克强主持召开国务院常务会议审议通过十四五推进国家政务信息化规划 加快建设数字政府提升政务服务水平决定设立支持煤炭清洁高效利用专项再贷款 促进绿色低碳发展,绿色发展
m-923995039-1635951120,李克强主持召开国务院常务会议听取国务院第八次大督查情况汇报 要求围绕市场主体需求群众关切和用好政府资金抓实工作审议通过十四五推进农业农村现代化规划 促进乡村振兴和农民收入较快增长,农业农村
m-865573984-1635344160,李克强主持召开国务院常务会议部署对制造业中小微企业等实施阶段性税收缓缴措施 进一步加大助企纾困力度决定延长境外投资者投资境内债券市场税收优惠政策 促进对外开放和吸引外资,制造业
m-962086478-1634739180,李克强主持召开国务院常务会议部署做好秋收和秋冬种工作 为保障粮食安全和物价平稳提供有力支撑听取民生用能保供情况汇报 要求确保人民群众安全温暖过冬要求进一步加大对中小微企业纾困的政策支持力度,民生扶贫
m-687361079-1633692060,李克强主持召开国务院常务会议进一步部署做好今冬明春电力和煤炭等供应 保障群众基本生活和经济平稳运行通过中华人民共和国黄河保护法(草案),能源
m-966473850-1632310200,李克强主持召开国务院常务会议要求做好跨周期调节 稳定合理预期保持经济平稳运行审议通过十四五新型基础设施建设规划 推动扩内需促转型增后劲部署加快中小型病险水库除险加固 提升供水和防灾减灾能力,基建
m-813805093-1631707380,李克强主持召开国务院常务会议审议通过十四五全民医疗保障规划 部署健全医保制度体系更好满足群众就医用药需求通过地下水管理条例(草案) 强化地下水资源节约与保护,医药健康
m-795304771-1631101080,李克强主持召开国务院常务会议部署在部分城市开展营商环境创新试点 支持地方深化改革先行先试更大力度利企便民通过证券期货行政执法当事人承诺制度实施办法(草案),宏观
m-1066264782-1630497600,李克强主持召开国务院常务会议部署加大对市场主体特别是中小微企业纾困帮扶力度 加强政策储备做好跨周期调节决定强化国家助学贷款支持 让更多家庭经济困难学生安心求学通过中华人民共和国农产品质量安全法(修订草,宏观
m-660833995-1629890400,李克强主持召开国务院常务会议部署全面推动长江经济带发展的财税支持措施审议通过中国妇女发展纲要(20212030年)和中国儿童发展纲要(20212030年),区域发展
m-740631181-1629114000,李克强主持召开国务院常务会议要求抓好政策落实 针对经济运行新情况加强跨周期调节审议通过十四五就业促进规划 全面强化就业优先政策推动就业扩容提质,就业
m-815598079-1627471080,李克强主持召开国务院常务会议部署进一步改革完善中央财政科研经费管理 给予科研人员更大经费管理自主权确定稳定生猪产能的措施 促进保供稳价增强猪肉安全供应保障能力,宏观
m-940616115-1626868860,李克强主持召开国务院常务会议部署抓紧抓实防汛救灾工作 确保人民生命财产安全听取推进金融业对外开放情况汇报 研究深化金融业开放工作确定进一步深化跨境贸易便利化改革优化口岸营商环境的措施,宏观
m-701293818-1626263220,李克强主持召开国务院常务会议部署中央预算执行和其他财政收支审计查出问题整改工作确定完善农村寄递物流体系的措施 更好满足农民生产生活需要,农业农村
m-790747905-1625658720,李克强主持召开国务院常务会议部署进一步推动医保服务高效便民确定加强新就业形态劳动者权益保障的若干政策措施决定加大金融对实体经济支持 推出支持碳减排的措施,绿色发展
m-865738054-1624447920,李克强主持召开国务院常务会议部署十四五时期纵深推进大众创业万众创新 更大激发市场活力促发展扩就业惠民生确定加快发展外贸新业态新模式的措施 推动外贸升级培育竞争新优势,宏观
m-1598938024-1624020300,李克强主持召开国务院常务会议决定针对今年以来农资价格较快上涨对实际种粮农民一次性发放补贴决定扩大粮食作物完全成本保险和种植收入保险实施范围 增强农民抵御风险能力部署进一步推动金融机构减费让利惠企利民确,农业农村
m-807686893-1623239400,李克强主持召开国务院常务会议部署推进实施十四五规划纲要确定的重大工程项目确定深化公立医院薪酬制度改革的措施 更好调动医务人员积极性更优服务人民群众,交通运输
m-544417844-1622029800,李克强主持召开国务院常务会议部署进一步支持小微企业个体工商户纾困和发展确定加强农村义务教育薄弱环节的措施,教育
m-717186569-1621425000,李克强主持召开国务院常务会议部署做好大宗商品保供稳价工作 保持经济平稳运行确定优化公证服务的措施 更好便企惠民通过生猪屠宰管理条例(修订草案),宏观
m-904735518-1620819300,李克强主持召开国务院常务会议决定将部分减负稳岗扩就业政策期限延长到今年底 确定进一步支持灵活就业的措施部署加强对受疫情持续影响行业企业的金融支持通过建设工程抗震管理条例(草案),就业
m-613081334-1620301800,李克强主持召开国务院常务会议部署进一步促进粮食生产稳定发展 切实提高粮食安全保障能力通过中华人民共和国审计法(修正草案),交通运输
m-1050723716-1619524200,李克强主持召开国务院常务会议部署加强县域商业体系建设 促进流通畅通和农民收入农村消费双提升确定知识产权领域放管服改革新举措 更大便利创业创新激发市场主体创造活力部署做好五一假期疫情防控和安全生产等工作,零售消费
m-751232438-1619004660,李克强主持召开国务院常务会议部署进一步实施好常态化财政资金直达机制 更好发挥财政资金惠企利民作用通过中华人民共和国土地管理法实施条例(修订草案),税务
m-620313863-1618400280,李克强主持召开国务院常务会议通过中华人民共和国市场主体登记管理条例(草案) 为培育壮大市场主体和促进公平竞争提供法治保障,宏观
m-799963440-1617795240,李克强主持召开国务院常务会议部署持续推进网络提速降费 更多惠企利民确定建立健全职工基本医保门诊共济保障机制的措施 拓宽个人账户资金使用范围减轻群众医疗负担,交通运输
m-804738767-1617191100,李克强主持召开国务院常务会议围绕更大激发市场主体活力增强发展后劲 推出深化放管服改革新举措部署推进减税降费落实和优化对小微企业和个体工商户等的减税政策,税务
m-1109415712-1616584380,李克强主持召开国务院常务会议部署实施提高制造业企业研发费用加计扣除比例等政策 激励企业创新促进产业升级决定将普惠小微企业贷款延期还本付息政策和信用贷款支持计划进一步延至今年底通过中华人民共和国职业教育,制造业
m-547720753-1615809600,李克强主持召开国务院常务会议确定政府工作报告重点任务分工要求扎实有力抓好落实推动经济稳中加固行稳致远,宏观
m-597585515-1613647800,李克强主持召开国务院常务会议听取2020年全国两会建议提案办理情况汇报要求汇聚众智促进做好政府工作推动经济社会持续健康发展,宏观
m-885789463-1612352760,李克强主持召开国务院常务会议听取区域全面经济伙伴关系协定生效实施国内相关工作汇报 要求以深化改革开放促进产业升级部署完善企业特别是中小微企业退出相关政策 提升市场主体活跃度,区域发展
m-627121770-1611228660,李克强主持召开国务院常务会议部署强化措施完善制度坚决制止涉企乱收费有序做好法定税费征缴工作 确保不增加企业和群众不合理负担,税务
m-857370982-1610719800,李克强主持召开国务院常务会议部署两节期间加强对受疫情灾情影响困难群众和低保等群体的生活保障部署进一步推进药品集中带量采购改革 以常态化制度化措施减轻群众就医负担,医药健康
m-835780743-1610108100,李克强主持召开国务院常务会议部署进一步做好保障能源安全稳定供应确保群众温暖过冬有关工作部署积极推进中华人民共和国传染病防治法修订工作 推动健全传染病防控体系,能源
m-931626733-1609760220,李克强主持召开国务院常务会议听取优化营商环境条例实施情况第三方评估汇报 要求进一步打通落实堵点提升营商环境法治化水平通过中华人民共和国印花税法(草案)和粮食流通管理条例(修订草案),宏观
m-977998208-1609327980,李克强主持召开国务院常务会议听取保障农民工工资支付情况汇报 要求强化措施落实确保农民工按时足额拿到报酬部署切实做好春运疫情防控工作通过行政事业性国有资产管理条例(草案) 加强和完善国有资产监管,宏观
m-797956943-1608636660,李克强主持召开国务院常务会议决定延续普惠小微企业贷款延期还本付息政策和信用贷款支持计划通过防范和处置非法集资条例(草案)和医疗器械监督管理条例(修订草案),金融
m-975423888-1608032520,李克强主持召开国务院常务会议部署优化政务服务便民热线 提高为企便民服务效率和水平决定在全国实施动产和权利担保统一登记 助力企业担保融资通过企业名称登记管理规定(修订草案) 便利和规范企业名称登记,企业发展
m-797491323-1607513520,李克强主持召开国务院常务会议部署促进人身保险扩面提质稳健发展的措施 满足人民群众多样化需求通过医疗保障基金使用监督管理条例(草案)和排污许可管理条例(草案),医药健康
m-733514721-1606909380,李克强主持召开国务院常务会议部署加快做好区域全面经济伙伴关系协定生效实施有关工作 维护自由贸易拓展合作共赢新空间通过政府督查工作条例(草案),区域发展
m-736038072-1606394700,李克强主持召开国务院常务会议确定完善失信约束制度健全社会信用体系的措施 为发展社会主义市场经济提供支撑通过中华人民共和国安全生产法(修正草案),宏观
m-1335687910-1605699300,李克强主持召开国务院常务会议要求按时间表抓紧做好区域全面经济伙伴关系协定落地实施国内相关工作部署提振大宗消费重点消费和促进释放农村消费潜力确定适应消费升级需求支持互联网+旅游发展的措施听取病险水库除险,区域发展
m-1228947650-1605094560,李克强主持召开国务院常务会议听取国务院第七次大督查情况汇报 确保政策落实更好发挥促进经济稳定恢复的重要作用决定在浦东新区开展市场准入一业一证试点 在全国大幅压减建设工程企业和测绘资质并加强监管更大激发,基建
m-792040776-1604662200,李克强主持召开国务院常务会议确定加强财政民生支出保障的措施 增强惠民政策获得感和可持续性部署结合冬季新冠肺炎疫情防控和其他疾病预防 深入开展爱国卫生运动,民生扶贫
m-883151190-1603279800,李克强主持召开国务院常务会议要求进一步抓好财政资金直达机制落实 更好发挥积极财政政策效能决定全面推行证明事项和涉企经营许可事项告知承诺制 以改革更大便利企业和群众办事创业,税务
m-1104853118-1602242520,李克强主持召开国务院常务会议部署进一步做好稳就业工作 确保完成全年目标任务通过新能源汽车产业发展规划 培育壮大绿色发展新增长点决定在粤港澳大湾区部分地方推广实行国际航运相关税收优惠政策 推动更高水平对,绿色发展
m-1021572149-1600861440,李克强主持召开国务院常务会议部署进一步提高上市公司质量 保护投资者权益推动资本市场持续平稳健康发展确定加强全民健身场地设施建设的措施 促进提高人民健康水平通过中华人民共和国海上交通安全法(修订草案),宏观
m-861874414-1600341840,李克强主持召开国务院常务会议确定政务服务跨省通办和提升获得电力服务水平的措施 持续优化企业和群众办事创业环境要求按照两个毫不动摇支持国有企业和民营企业改革发展,基建
m-753275778-1599651000,李克强主持召开国务院常务会议确定支持新业态新模式加快发展带动新型消费的措施 促进经济恢复性增长部署加快医学教育创新发展 为维护人民健康提供人才保障,教育
m-1166854253-1599046800,李克强主持召开国务院常务会议要求坚持稳健的货币政策灵活适度 着眼服务实体经济明确金融控股公司准入规范听取大气重污染成因与治理攻关项目研究成果汇报 部署加强大气污染科学防治促进绿色发展核准海南昌江核电二,绿色发展
m-715979727-1598442780,李克强主持召开国务院常务会议部署防汛救灾和灾后恢复重建工作 支持受灾地区恢复生产保障民生确定围绕保市场主体激发活力深化放管服改革举措,民生扶贫
m-1073366132-1597665720,李克强主持召开国务院常务会议部署深入做好新增财政资金直接惠企利民工作 巩固经济恢复性增长基础要求进一步落实金融支持实体经济的政策措施 助力市场主体纾困发展决定推进师范毕业生教师资格认定改革 促进师范毕,税务
m-958827196-1596022500,李克强主持召开国务院常务会议部署进一步扩大开放稳外贸稳外资 决定深化服务贸易创新发展试点推出支持农民工就业创业新举措 助力保就业保民生为保障统筹防疫和发展 安排进一步加强核酸检测能力建设,新冠疫情
m-674854980-1595417700,李克强主持召开国务院常务会议部署加强新型城镇化建设 补短板扩内需提升群众生活品质确定支持多渠道灵活就业的措施 促进增加居民就业和收入,就业
m-995290129-1594812780,李克强主持召开国务院常务会议部署深入推进大众创业万众创新 重点支持高校毕业生等群体就业创业要求用好地方政府专项债券 加强资金和项目对接提高资金使用效益通过中华人民共和国预算法实施条例(修订草案),企业发展
m-888012606-1594294260,李克强主持召开国务院常务会议部署进一步做好防汛救灾工作 推进重大水利工程建设确定持续优化营商环境激发市场主体活力的措施部署中央预算执行和其他财政收支审计查出问题整改工作,交通运输
m-1157191911-1593603000,李克强主持召开国务院常务会议决定着眼增强金融服务中小微企业能力 允许地方政府专项债合理支持中小银行补充资本金通过保障中小企业款项支付条例(草案) 维护其合法权益部署进一步促进国家高新技术产业开发区深化,企业发展
m-917326290-1592998380,李克强主持召开国务院常务会议部署进一步压缩企业开办时间清理规范行业协会商会收费 为市场主体减负松绑增添活力决定改革完善乡村医生和兽医职业资格制度 为高校相关专业毕业生就业提供便利,企业发展
m-625457260-1592393400,李克强主持召开国务院常务会议部署引导金融机构进一步向企业合理让利助力稳住经济基本盘要求加快降费政策落地见效为市场主体减负,宏观
m-678506023-1591702620,李克强主持召开国务院常务会议确定新增财政资金直接惠企利民的特殊转移支付机制部署支持适销对路出口商品开拓国内市场 帮扶外贸企业渡难关,就业
m-575326466-1590751080,李克强主持召开国务院常务会议确定政府工作报告重点任务分工 要求狠抓政策和工作落实完成全年经济社会发展目标任务,宏观
m-785026046-1589370000,李克强主持召开国务院常务会议部署做好今年全国两会期间各部门听取全国人大代表和政协委员意见建议工作要求把六保作为六稳工作的着力点 稳住经济基本盘,宏观
m-624316268-1588764600,李克强主持召开国务院常务会议听取支持复工复产和助企纾困政策措施落实情况汇报推出和进一步完善相关政策加大稳企业保就业力度,就业
m-796060396-1588073760,李克强主持召开国务院常务会议听取2019年全国两会建议提案办理情况汇报 促进科学民主决策提升政府治理效能部署加快推进信息网络等新型基础设施建设 推动产业和消费升级,基建
m-1077420280-1587468780,李克强主持召开国务院常务会议部署加大对贫困人口低保人员和失业人员的帮扶保障力度决定提高普惠金融考核权重和降低中小银行拨备覆盖率 促进加强对小微企业的金融服务明确帮助服务业小微企业和个体工商户缓解房租压,民生扶贫
m-1053270389-1586863800,李克强主持召开国务院常务会议要求落实落细今年以来出台的支持企业政策措施 助力企业渡难关部署采取有力有效举措促进高校毕业生就业确定加大城镇老旧小区改造力度 推动惠民生扩内需决定延续西部大开发企业所得税优,就业
m-987402756-1586259000,李克强主持召开国务院常务会议推出增设跨境电子商务综合试验区支持加工贸易广交会网上举办等系列举措积极应对疫情影响努力稳住外贸外资基本盘决定延续实施普惠金融和小额贷款公司部分税收支持政策,就业
m-763610692-1585654200,李克强主持召开国务院常务会议确定再提前下达一批地方政府专项债额度 带动扩大有效投资部署强化对中小微企业的金融支持要求加大对困难群体相关补助政策力度,基建
m-728106142-1585049400,李克强主持召开国务院常务会议确定推动制造业和流通业在做好疫情防控同时积极有序复工复产的措施部署进一步提升我国国际航空货运能力 努力稳定供应链,制造业
m-801148255-1584444600,李克强主持召开国务院常务会议部署深入推进放管服改革 培育壮大新动能促进稳就业要求加快重大投资项目开复工 有效补短板惠民生通过农作物病虫害防治条例(草案),基建
m-935360185-1583926200,李克强主持召开国务院常务会议确定应对疫情影响稳外贸稳外资的新举措部署进一步畅通产业链资金链 推动各环节协同复工复产要求更好发挥专项再贷款再贴现政策作用 支持疫情防控保供和企业纾困发展,交通运输
m-1041791663-1583235420,李克强主持召开国务院常务会议部署完善六稳工作协调机制 有效应对疫情影响促进经济社会平稳运行确定支持交通运输快递等物流业纾解困难加快恢复发展的措施决定加大对地方财政支持 提高保基本民生保工资保运转能力,交通运输
m-1030266874-1582630200,李克强主持召开国务院常务会议推出鼓励吸纳高校毕业生和农民工就业的措施确定鼓励金融机构对中小微企业贷款给予临时性延期还本付息安排并新增优惠利率贷款部署对个体工商户加大扶持 帮助缓解疫情影响纾困解难,就业
m-707623385-1582026420,李克强主持召开国务院常务会议部署不误农时切实抓好春季农业生产决定阶段性减免企业社保费和实施企业缓缴住房公积金政策 多措并举稳企业稳就业,交通运输
m-513771400-1581507060,李克强主持召开国务院常务会议进一步部署在全力以赴抓好疫情防控同时加强经济运行调度和调节更好保障供给,新冠疫情
m-638893627-1580904780,李克强主持召开国务院常务会议要求切实做好疫情防控重点医疗物资和生活必需品保供工作确定支持疫情防控和相关行业企业的财税金融政策,医药健康
m-832765124-1579523700,李克强主持召开国务院常务会议进一步部署新型冠状病毒感染的肺炎疫情防控工作 要求有力有效遏制疫情听取脱贫攻坚情况汇报 部署确保打赢脱贫攻坚战工作保障困难群众基本生活,新冠疫情
m-801049531-1578484800,李克强主持召开国务院常务会议部署进一步做好清理政府部门和国有企业拖欠民营企业中小企业账款工作 要求坚决有力一抓到底部署春节期间市场保供稳价和基本民生保障工作,宏观
m-914669845-1578053100,李克强主持召开国务院常务会议确定促进制造业稳增长的措施 稳定经济发展的基本盘部署加快服务外包转型升级 推动服务业优结构上水平通过化妆品监督管理条例(草案) 更好保障质量安全促进产业发展,制造业
m-998420781-1577707380,李克强主持召开国务院常务会议决定分步取消水平评价类技能人员职业资格 推行社会化职业技能等级认定确定促进社会服务领域商业保险发展的措施 更好满足群众需求部署推进步行街改造提升 优化商业环境促进消费扩大,零售消费
m-997449766-1576668900,李克强主持召开国务院常务会议部署全面推进基层政务公开标准化规范化工作 加快服务型政府建设提升利企便民水平通过国家科学技术奖励条例(修订草案) 完善机制更好激励创新批准2019年度国家科学技术奖励评审结,科技
m-701300453-1576237200,李克强主持召开国务院常务会议通过中华人民共和国外商投资法实施条例(草案) 实化促进和保护外商投资的措施部署推动进一步降低小微企业综合融资成本,金融
m-965281519-1575459360,李克强主持召开国务院常务会议部署进一步多措并举做好稳就业工作 要求大力支持灵活就业决定完善残疾人就业保障金制度 更好促进残疾人就业通过保障农民工工资支付条例(草案) 用法治手段治理欠薪顽疾,就业
m-742323810-1574854680,李克强主持召开国务院常务会议部署以实施优化营商环境条例为契机加快打造市场化法治化国际化营商环境更大力度为各类市场主体投资兴业破堵点解难题,宏观
m-1067038421-1574249940,李克强主持召开国务院常务会议听取个人所得税改革情况汇报 确定有关税收优惠政策减轻纳税人负担部署深化医药卫生体制改革进一步推进药品集中采购和使用 更好服务群众看病就医通过中华人民共和国城市维护建设税法(,医药健康
m-1221826603-1573647120,李克强主持召开国务院常务会议听取江苏响水天嘉宜化工有限公司3·21特别重大爆炸事故调查情况汇报和责任追究审查调查工作情况通报部署对安全生产尤其是危险化学品生产管理等问题开展专项整治决定健全固定资产投资,交通运输
m-915222741-1573127460,李克强主持召开国务院常务会议听取当前农业工作汇报 要求巩固农业基础保障重要农产品供给稳定价格部署做好区域全面经济伙伴关系协定后续工作 推动更大开放提升贸易投资自由化便利化水平,交通运输
m-882145917-1571831880,李克强主持召开国务院常务会议听取国务院第六次大督查情况汇报 要求着力破除政策落实堵点部署进一步做好稳外贸工作 推动进出口稳中提质确定优化外汇管理措施 促进跨境贸易投资便利化,国际关系
m-669522971-1571227920,李克强主持召开国务院常务会议听取今年减税降费政策实施汇报 要求确保为企业减负担为发展增动能部署以更优营商环境进一步做好利用外资工作,税务
m-744096997-1570536180,李克强主持召开国务院常务会议审议通过优化营商环境条例(草案) 以政府立法为各类市场主体投资兴业提供制度保障讨论通过中华人民共和国档案法(修订草案),宏观
m-950401182-1569497700,李克强主持召开国务院常务会议部署加强市场价格监测预测预警 保持物价基本稳定保障基本民生决定完善燃煤发电上网电价形成机制 促进电力市场化交易降低企业用电成本核定第八批全国重点文物保护单位,宏观
m-947903149-1568203800,李克强主持召开国务院常务会议要求紧扣群众关切进一步保障好基本民生决定出台城乡居民医保高血压糖尿病门诊用药报销政策 减轻数亿患者负担部署深入推进医养结合发展 更好满足老年人健康和养老需求,民生扶贫
m-697903883-1567598160,李克强主持召开国务院常务会议部署精准施策加大力度做好六稳工作确定加快地方政府专项债券发行使用的措施 带动有效投资支持补短板扩内需,基建
m-1145867984-1566989040,李克强主持召开国务院常务会议部署深化放管结合加强事中事后监管 促进公平竞争提升市场效率决定再取消一批工业产品生产许可证 更大释放市场主体创新创造活力确定进一步促进体育健身和体育消费的措施 部署推动在线,宏观
m-782768657-1566387300,李克强主持召开国务院常务会议决定在自由贸易试验区开展证照分离改革全覆盖试点部署扩大养老服务供给促进养老服务消费确定稳定生猪生产和猪肉保供稳价措施,企业发展
m-835778487-1565960880,李克强主持召开国务院常务会议部署运用市场化改革办法推动实际利率水平明显降低和解决融资难问题确定加强常用药供应保障和稳定价格的措施 确保群众用药需求和减轻负担,宏观
m-720923799-1564573020,李克强主持召开国务院常务会议部署加大力度落实就业优先政策 持续保持比较充分的就业确定适应群众需要促进商品消费和文化旅游的措施 更大释放最终需求潜力,就业
m-726561729-1563969600,李克强主持召开国务院常务会议确定进一步治理违规涉企收费的措施 大力清除企业不合理负担部署深化区域金融改革试点 增强金融服务改革开放和经济发展能力,企业发展
m-759907403-1563363900,李克强主持召开国务院常务会议确定支持平台经济健康发展的措施 壮大优结构促升级增就业的新动能部署进一步加强知识产权保护工作 切实保护各类市场主体合法权益,企业发展
m-1025775625-1562758260,李克强主持召开国务院常务会议确定进一步稳外贸措施 以扩大开放助力稳增长稳就业要求切实做好降低社保费率工作 决定全面推开划转部分国有资本充实社保基金部署中央预算执行和其他财政收支审计查出问题整改工作,宏观
m-982716010-1562156400,李克强主持召开国务院常务会议听取赋予自由贸易试验区更大改革创新自主权落实情况汇报 支持自贸试验区在改革开放方面更多先行先试部署完善跨境电商等新业态促进政策 适应产业革命新趋势推动外贸模式创新,就业
m-1288531499-1561548840,李克强主持召开国务院常务会议确定进一步降低小微企业融资实际利率的措施 决定开展深化民营和小微企业金融服务综合改革试点部署支持扩大知识产权质押融资和制造业信贷投放 促进创新和实体经济发展决定扩大高职院校,制造业
m-941334512-1560944340,李克强主持召开国务院常务会议部署推进城镇老旧小区改造 顺应群众期盼改善居住条件确定提前完成农村电网改造升级任务的措施 助力乡村振兴要求巩固提高农村饮水安全水平 支持脱贫攻坚保障基本民生,民生扶贫
m-855886980-1560339300,李克强主持召开国务院常务会议部署加快建设社会信用体系构建相适应的市场监管新机制决定进一步推进通关便利化 持续优化口岸营商环境要求更大力度对外开放 促进进出口多元化发展,交通运输
m-1029655258-1559734440,李克强主持召开国务院常务会议确定按照创新驱动发展战略要求把大众创业万众创新引向深入的措施部署抓好农业生产保障农产品有效供给 要求全面做好防汛抗旱工作通过中华人民共和国固体废物污染环境防治法(修订草案),交通运输
m-697822442-1559129880,李克强主持召开国务院常务会议部署进一步促进社区养老和家政服务业加快发展的措施决定对养老托幼家政等社区家庭服务业加大税费优惠政策支持,民生扶贫
m-718511821-1557919980,李克强主持召开国务院常务会议部署进一步推动网络提速降费 发挥扩内需稳就业惠民生多重效应确定发挥企业主体作用提高创新能力的措施 推进产业提质升级,宏观
m-846179717-1557315300,李克强主持召开国务院常务会议部署推进国家级经济技术开发区创新提升 打造改革开放新高地决定延续集成电路和软件企业所得税优惠政策 吸引国内外投资更多参与和促进信息产业发展,科技
m-1126928341-1557142500,李克强主持召开国务院常务会议明确政策举措力争今年底前基本取消全国高速公路省界收费站 便利群众出行提高物流效率部署以制度创新持续减少和规范证明事项 进一步优化政务服务和营商环境听取职业病防治工作汇报 要,交通运输
m-942256138-1556624460,李克强主持召开国务院常务会议确定使用1000亿元失业保险基金结余实施职业技能提升行动的措施 提高劳动者素质和就业创业能力讨论通过高职院校扩招100万人实施方案 加快培养各类技术技能人才促进扩大就业,就业
m-840978003-1555500900,李克强主持召开国务院常务会议听取2019年全国两会建议提案承办情况汇报 要求更好汇聚众智促进经济社会平稳健康发展确定进一步降低小微企业融资成本的措施 加大金融对实体经济的支持,企业发展
m-1458672198-1554291540,李克强主持召开国务院常务会议确定今年降低政府性收费和经营服务性收费的措施 进一步为企业和群众减负决定下调对进境物品征收的行邮税税率 促进扩大进口和消费 配合外商投资法实施适应优化营商环境需要 通过一批,宏观
m-815156261-1553600100,李克强主持召开国务院常务会议落实降低社会保险费率部署 明确具体配套措施确定今年优化营商环境重点工作 更大激发市场活力通过中华人民共和国食品安全法实施条例(草案),宏观
m-995928098-1553081640,李克强主持召开国务院常务会议确定政府工作报告责任分工 强调狠抓落实确保完成全年发展目标任务明确增值税减税配套措施 决定延续部分已到期税收优惠政策并对扶贫捐赠和污染防治第三方企业给予税收优惠,宏观
m-1268050301-1550663280,李克强主持召开国务院常务会议要求制定涉企法规规章和规范性文件必须听取相关企业和行业协会商会意见 使政府决策更符合实际和民意决定再取消和下放一批行政许可事项 在全国全面开展工程建设项目审批制度改革部署推,基建
m-1409236540-1549884780,李克强主持召开国务院常务会议听取2018年全国两会建议提案办理工作汇报 推进提升政府施政水平要求狠抓今年脱贫攻坚任务落实 为打赢脱贫攻坚战奠定坚实基础部署加强癌症早诊早治和用药保障的措施 决定对罕见病,民生扶贫
m-1004580380-1548847920,李克强主持召开国务院常务会议听取清理拖欠民营企业中小企业账款工作汇报 要求加大清欠力度完善长效机制推出进一步压减不动产登记办理时间的措施 更加便利企业和群众办事通过报废机动车回收管理办法(修订草案),基建
m-1055312587-1547036100,李克强主持召开国务院常务会议决定再推出一批针对小微企业的普惠性减税措施部署加快发行和用好地方政府专项债券 支持在建工程及补短板项目建设并带动消费扩大听取保障农民工工资支付情况汇报 部署做好治欠保支工作,宏观
m-749015468-1546428840,李克强主持召开国务院常务会议部署对标国际先进水平促进综合保税区升级 打造高水平开放新平台决定推出便利化改革措施 解决企业反映强烈的注销难问题,区域发展
m-863575066-1545651720,李克强主持召开国务院常务会议部署加大对民营经济和中小企业支持 增强市场主体活力和发展信心决定取消企业银行账户开户许可压缩商标专利审查周期全面实施双随机一公开市场监管,企业发展
m-937665094-1544615700,李克强主持召开国务院常务会议决定实施所得税优惠促进创业投资发展 加大对创业创新支持力度部署加快推进农业机械化和农机装备产业升级 助力乡村振兴三农发展通过2018年度国家科学技术奖励评审结果,科技
m-894769777-1544009400,李克强主持召开国务院常务会议决定再推广一批促进创新的改革举措 更大激发创新创造活力通过中华人民共和国专利法修正案(草案) 有效保护产权有力打击侵权通过生产安全事故应急条例(草案),科技
m-651600735-1543401960,李克强主持召开国务院常务会议听取优化营商环境工作汇报 决定开展中国营商环境评价部署进一步发展养老产业推进医养结合 提高老有所养质量,民生扶贫
m-822197197-1542799620,李克强主持召开国务院常务会议决定延续和完善跨境电子商务零售进口政策并扩大适用范围 扩大开放更大激发消费潜力部署推进物流枢纽布局建设 促进提高国民经济运行质量和效率,零售消费
m-911133086-1541766000,李克强主持召开国务院常务会议要求加大金融支持缓解民营企业特别是小微企业融资难融资贵决定开展专项行动 解决拖欠民营企业账款问题部署有效发挥政府性融资担保作用支持小微企业和三农发展,金融
m-836655522-1541161680,李克强主持召开国务院常务会议确定进一步促进就业的针对性措施决定延长阶段性降低失业保险缴费费率政策执行期限听取国务院第五次大督查情况汇报 激励担当作为狠抓政策见效,就业
m-1114188071-1540208160,李克强主持召开国务院常务会议部署根据督查发现和企业关切的问题进一步推动优化营商环境政策落实决定设立民营企业债券融资支持工具 以市场化方式帮助缓解企业融资难确定建设国家互联网+监管系统 促进政府监管规范,宏观
m-761352058-1538997900,李克强主持召开国务院常务会议确定完善出口退税政策加快退税进度的措施 为企业减负保持外贸稳定增长部署推进棚户区改造工作 进一步改善住房困难群众居住条件,税务
m-999028521-1537961280,李克强主持召开国务院常务会议确定推动外商投资重大项目落地降低部分商品进口关税和加快推进通关便利化的措施 促进更高水平对外开放听取关于部分地方非洲猪瘟疫情和防控工作汇报 对下一步强化措施提出要求,宏观
m-971801453-1537270980,李克强主持召开国务院常务会议要求把已定减税降费措施切实落实到位 确保社保费现有征收政策稳定部署加大关键领域和薄弱环节有效投资 以扩大内需推进结构优化民生改善确定促进外贸增长和通关便利化的措施,宏观
m-1069419829-1536752400,李克强主持召开国务院常务会议部署在全国有序推开证照分离改革 持续解决准入不准营问题决定再压减工业产品生产许可证三分之一以上并简化审批 为市场主体减负听取清理证明事项工作进展汇报 要求加大力度消除群众办,企业发展
m-1080908653-1536231600,李克强主持召开国务院常务会议确定落实新修订的个人所得税法的配套措施 为广大群众减负决定完善政策确保创投基金税负总体不增部署打造双创升级版 增强带动就业能力科技创新力和产业发展活力通过专利代理条例(修订,就业
m-799613518-1535628600,李克强主持召开国务院常务会议 听取今年减税降费政策措施落实情况汇报 决定再推新举措支持实体经济发展部署完善国家基本药物制度 保障群众基本用药需求减轻药费负担,医药健康
m-1049739146-1534937400,李克强主持召开国务院常务会议部署进一步推进缓解小微企业融资难融资贵政策落地见效决定扩大基本医保跨省异地就医住院费用直接结算范围 便利群众就近就医确定促进天然气协调稳定发展的措施和生物燃料乙醇产业总体布,能源
m-803041538-1534421280,李克强主持召开国务院常务会议听取吉林长春长生公司问题疫苗案件调查情况汇报并作出相关处置决定部署以改革举措破除民间投资和民营经济发展障碍 激发经济活力和动力,企业发展
m-1023392487-1532955480,李克强主持召开国务院常务会议听取吉林长春长生公司违法违规生产狂犬病疫苗案件调查进展汇报 要求坚决严查重处并建立保障用药安全长效机制部署优化教育经费使用结构和落实义务教育教师工资待遇 办好人民满意的教育,教育
m-685602558-1532345400,李克强主持召开国务院常务会议部署更好发挥财政金融政策作用 支持扩内需调结构促进实体经济发展确定围绕补短板增后劲惠民生推动有效投资的措施,宏观
m-827622342-1531913400,李克强主持召开国务院常务会议部署持续优化营商环境 提高综合竞争力巩固经济稳中向好确定加快建设全国一体化在线政务服务平台的措施 以一网通办更加便利群众办事创业,宏观
m-908543285-1531481400,李克强主持召开国务院常务会议部署中央预算执行和其他财政收支审计查出问题整改工作 使积极财政政策发挥更大效用决定新设一批跨境电子商务综合试验区 持续推进对外开放促进外贸转型升级,宏观
m-854384045-1530703140,李克强主持召开国务院常务会议确定进一步扩大科研人员自主权的措施 更大释放创新活力部署进一步做好稳定和扩大就业工作通过国务院关于修改〈全国经济普查条例〉的决定(草案),科技
m-683588587-1530097740,李克强主持召开国务院常务会议听取深入推进互联网+农业促进农村一二三产业融合发展情况汇报部署调整运输结构提高运输效率 降低实体经济物流成本,农业农村
m-960795024-1529494200,李克强主持召开国务院常务会议部署进一步缓解小微企业融资难融资贵 持续推动实体经济降成本确定加快已在境外上市新药审批落实抗癌药降价措施强化短缺药供应保障通过医疗纠纷预防和处理条例(草案),医药健康
m-668010320-1528889400,李克强主持召开国务院常务会议部署实施蓝天保卫战三年行动计划 持续改善空气质量确定进一步扩大进口的措施 促进调结构惠民生和外贸平衡发展,绿色发展
m-1039911097-1528284600,李克强主持召开国务院常务会议部署在市场监管领域推进管理方式改革和创新 全面推行双随机一公开监管决定全面清理各类证明事项 更多消除群众和企业办事烦恼确定进一步建设和完善社会信用体系的措施 以诚信立身兴业,宏观
m-1008125987-1527679800,李克强主持召开国务院常务会议确定进一步积极有效利用外资的措施 推动扩大开放促进经济升级决定较大范围下调日用消费品进口关税 更好满足群众多样化消费需求部署建立残疾儿童康复救助制度 给他们更多帮扶和关爱,宏观
m-1007869694-1527075000,李克强主持召开国务院常务会议确定加大困难地区和薄弱环节教育投入 推进多渠道增加托幼和学前教育资源供给采取措施加快推进奶业振兴保障乳品质量安全决定深化服务贸易创新发展试点 以开放推动经济结构优化升级,教育
m-946079211-1526470200,李克强主持召开国务院常务会议部署推进政务服务一网通办和企业群众办事只进一扇门最多跑一次决定在全国推开外资企业设立商务备案与工商登记一口办理确定进一步降低实体经济物流成本的措施,交通运输
m-685148961-1525261200,李克强主持召开国务院常务会议采取措施将企业开办时间和工程建设项目审批时间压减一半以上 进一步优化营商环境通过人力资源市场暂行条例(草案),宏观
m-707578393-1524655800,李克强主持召开国务院常务会议决定再推出7项减税措施 支持创业创新和小微企业发展部署对银行普惠金融服务实施监管考核 确保今年实体经济融资成本下降,金融
m-918027751-1524051000,李克强主持召开国务院常务会议确定推行终身职业技能培训制度的政策措施 提高劳动者素质促进高质量发展决定对职务科技成果转化获得的现金奖励实行个人所得税优惠 使创新成果更好服务发展和民生,教育
m-1267321164-1523533200,李克强主持召开国务院常务会议确定发展互联网+医疗健康措施 缓解看病就医难题提升人民健康水平决定对进口抗癌药实施零关税并鼓励创新药进口 顺应民生期盼使患者更多受益部署全面加强乡村小规模学校和乡镇寄宿制学,医药健康
m-880994461-1522841400,李克强主持召开国务院常务会议决定进一步减少涉企收费 降低实体经济成本听取宽带网络提速降费工作汇报 推动数字经济发展和信息消费确定支持留学回国人员创业创新措施 更大力度吸引人才,宏观
m-1182158112-1522236600,李克强主持召开国务院常务会议确定深化增值税改革的措施 进一步减轻市场主体税负决定设立国家融资担保基金 推动缓解小微企业和三农等融资难题听取国务院机构改革进展情况汇报 确保机构重置职能调整按时到位讨论通,税务
m-439041446-1521630960,李克强主持召开国务院常务会议确定政府工作报告重点任务分工 新一届国务院开始全面履职,宏观
m-1051617555-1518004800,李克强主持召开国务院常务会议听取办理全国人大代表建议和政协委员提案情况汇报 推进依法科学民主决策提升政府工作水平部署进一步采取市场化债转股等措施降低企业杠杆率 促进风险防控提高发展质量通过快递暂行条例,宏观
m-807844136-1516190100,李克强主持召开国务院常务会议决定扩大证照分离改革试点事项探索形成可复制经验 进一步改善营商环境确定进一步支持返乡下乡创业的措施 激活农村资源要素促进乡村振兴,区域发展
m-645628611-1514976480,李克强主持召开国务院常务会议部署进一步优化营商环境 持续激发市场活力和社会创造力确定加大支持基础科学研究的措施 提升原始创新能力,企业发展
m-1020489230-1513161240,李克强主持召开国务院常务会议听取国企改革发展和监事会对央企监督检查情况汇报 发挥国资对经济高质量发展的支撑作用确定进一步扶持和培育新型农业经营主体的措施 推动现代农业发展听取第三次全国农业普查情况汇报,农业农村
m-974708367-1512558600,李克强主持召开国务院常务会议部署加快推进政务信息系统整合共享 以高效便捷的政务服务增进群众获得感确定推进公共资源配置领域政府信息公开的措施 推动规范化透明化批准2017年度国家科学技术奖励评审结果,基建
m-754808448-1511347740,李克强主持召开国务院常务会议听取依法保护产权工作汇报 以更有效的制度促进各类市场主体立恒心增信心决定进一步清理规范涉企经营服务性收费 持续为企业减轻负担,宏观
m-1089007971-1509360900,李克强主持召开国务院常务会议通过深化互联网+先进制造业发展工业互联网的指导意见 促进实体经济振兴加快转型升级通过国务院关于废止〈中华人民共和国营业税暂行条例〉和修改〈中华人民共和国增值税暂行条例〉的决,制造业
m-1034973471-1507546140,李克强主持召开国务院常务会议听取公立医院综合改革和医疗联合体建设进展情况汇报 要求通过深化医改优化资源配置保障人民健康部署进一步做好基本医保全国联网和异地就医直接结算工作 减少群众后顾之忧更多惠及人民,医药健康
m-792710218-1506509100,李克强主持召开国务院常务会议听取推进中央企业重组整合工作汇报 以改革促进结构优化效益提升部署强化对小微企业的政策支持和金融服务 进一步增强经济活力巩固发展基础,企业发展
m-894758778-1505909280,李克强主持召开国务院常务会议部署进一步促进扩大就业 更好满足人民群众劳动有岗位收入有来源的需求确定深入推进跨境电子商务综合试验区建设的措施 加快业态创新提高外贸便利度和竞争力,就业
m-757059993-1505299500,李克强主持召开国务院常务会议听取国务院第四次大督查情况和重点政策措施落实第三方评估汇报持续狠抓重大决策部署落实促进经济发展和民生改善取得更大成效,宏观
m-928946514-1504697280,李克强主持召开国务院常务会议部署在更大范围推进证照分离改革试点并再取消一批行政许可事项 使营商环境更加公平公正确定推进质量认证体系建设的措施 加强事中事后监管提升中国制造品质,制造业
m-767652802-1504089600,李克强主持召开国务院常务会议决定推广一批具备复制条件的支持创新改革举措 为创新发展营造更好环境确定促进健康服务业发展的措施 满足群众需求提高健康水平,交通运输
m-872959386-1503484200,李克强主持召开国务院常务会议部署推进央企深化改革降低杠杆工作 促进企业提质增效听取股权期权和分红等激励政策落实与科研项目及经费管理制度改革进展情况汇报 推动增强创新发展动力,企业发展
m-966823912-1503053700,李克强主持召开国务院常务会议听取全面推开营改增试点一年多来情况汇报 要求巩固扩大改革成果促进经济结构优化升级审议通过机关团体建设楼堂馆所管理条例(草案) 使公共资金资源更多用于发展经济改善民生,民生扶贫
m-1368157355-1501238880,李克强主持召开国务院常务会议部署加大引进外资力度 营造更高水平对外开放的环境确定进一步激发民间有效投资活力措施 促进经济持续健康发展部署积极稳妥化解累积的地方政府债务风险 坚决遏制隐性债务增量听取建立,宏观
m-1131055294-1500461400,李克强主持召开国务院常务会议部署创建中国制造2025国家级示范区 加快制造业转型升级确定防控义务教育学生失学辍学的措施 确保实现十三五义务教育巩固率目标部署深入实施临时救助制度 以更有效的救急救难保障,制造业
m-755932304-1499857440,李克强主持召开国务院常务会议讨论通过关于强化实施创新驱动发展战略进一步推进大众创业万众创新深入发展的意见决定将快递条例(草案)向社会公开征求意见,科技
m-1035822132-1499250660,李克强主持召开国务院常务会议部署整改审计查出的预算执行等问题 推动国家重大政策措施落地见效听取投融资体制改革进展汇报 要求发挥社会资本作用促进有效投资确定进一步降低物流成本的措施 持续为企业减负助力经,宏观
m-1179533326-1498041960,李克强主持召开国务院常务会议部署促进分享经济健康发展 推动创业创新便利群众生产生活确定加快发展商业养老保险的措施 完善社会保障体系助力老有所养通过融资担保公司管理条例(草案)和国务院关于修改〈建设项目,企业发展
m-812361124-1497439020,李克强主持召开国务院常务会议确定取消和下放一批工业产品生产许可简化审批程序 促进制造业创新和提质决定在部分省(区)建设绿色金融改革创新试验区 推动经济绿色转型升级,绿色发展
m-904125857-1496831760,李克强主持召开国务院常务会议决定推出新的降费措施 要求兑现全年为企业减负万亿元的承诺部署新建一批大众创业万众创新示范基地 推动体制机制创新和经济转型升级通过志愿服务条例(草案),宏观
m-934097474-1495622700,李克强主持召开国务院常务会议决定设立国家职业资格目录 降低就业创业门槛提升职业水平部署深入推进全国通关一体化 打造更加开放便利的营商环境听取棚户区改造工作汇报 确定后三年棚改目标任务,基建
m-775144291-1495019100,李克强主持召开国务院常务会议确定进一步减少涉企经营服务性收费和降低物流用能成本 为企业减负助力部署以试点示范推进中国制造2025深入实施 促进制造业转型升级,制造业
m-1098792813-1494414360,李克强主持召开国务院常务会议通过兴边富民行动十三五规划 促进边疆繁荣稳定和各族群众生活改善听取去产能工作进展和重点行业淘汰落后产能督查情况汇报 推动经济结构优化部署扩大和升级信息消费 释放内需潜力培育,宏观
m-1199480071-1493811180,李克强主持召开国务院常务会议决定提高中央财政自然灾害生活补助标准 加快因灾倒损民房恢复重建确定支持社会办医和健康旅游发展的措施 满足群众多层次多样化健康需求部署推动大中型商业银行设立普惠金融事业部 聚,民生扶贫
m-1291618225-1493203320,李克强主持召开国务院常务会议确定进一步推进多证合一和削减工商登记前置审批 持续降低制度性交易成本激发市场活力部署对大气重污染成因和治理开展集中攻关 以生态改善提高人民生活质量决定在粮食主产省开展提高农,绿色发展
m-604575579-1492594800,李克强主持召开国务院常务会议决定推出进一步减税措施 持续推动实体经济降成本增后劲通过中华人民共和国公共图书馆法(草案),就业
m-1000427248-1491996300,李克强主持召开国务院常务会议部署推进医疗联合体建设 以深化体制机制改革为群众提供优质便利医疗服务部署加强中小学幼儿园安全风险防控体系建设 打造平安校园通过中华人民共和国统计法实施条例(草案),医药健康
m-827244278-1491389340,李克强主持召开国务院常务会议部署落实2017年经济体制改革重点任务 依靠改革破难题促发展惠民生确定当前和今后一段时期促进就业创业的政策措施 坚决打好稳定和扩大就业的硬仗,就业
m-385226058-1489747440,李克强主持召开国务院常务会议确定政府工作报告责任分工 部署落实全年工作,宏观
m-1390772496-1487844960,李克强主持召开国务院常务会议专题听取一年来脱贫攻坚情况汇报 要求扎实做好今年脱贫重点工作听取H7N9疫情防控情况汇报 切实保障群众健康安全部署放宽社会领域投资管理 更好激活力补短板惠民生要求进一步加大,民生扶贫
m-1060166808-1486551960,李克强主持召开国务院常务会议决定进一步清理和规范涉企收费 持续为实体经济减负部署深化建筑业放管服改革 推动产业升级发展确定加强高标准农田建设的政策措施 夯实粮食安全和现代农业基础通过农药管理条例(修订,基建
m-1076880793-1486116300,李克强主持召开国务院常务会议听取办理人大代表建议和政协委员提案情况汇报 更好接受监督推进科学决策部署建立解决农民工工资拖欠的长效机制 切实维护农民工合法权益通过十三五国家食品和药品安全规划 有效保障人,民生扶贫
m-744921565-1484736600,李克强主持召开国务院常务会议通过十三五促进就业规划 推动稳定和扩大就业打造高素质劳动者队伍部署进一步做好困难群众生活保障工作 兜住基本民生底线,就业
m-1131600217-1484131440,李克强主持召开国务院常务会议确定规范发展区域性股权市场的政策措施 拓宽中小微企业融资渠道通过城管执法统一制式服装和标志标识管理办法 推进规范文明执法提升城市管理水平通过残疾人教育条例(修订草案)及残疾,区域发展
m-1127147017-1483528260,李克强主持召开国务院常务会议决定再取消一批中央指定地方实施的行政许可并清理规范一批行政审批中介服务事项审议通过十三五市场监管规划 推动营造公平法治便捷透明的市场环境部署创新政府管理优化政府服务 加快新,宏观
m-860206888-1483009800,李克强主持召开国务院常务会议通过国家教育事业发展十三五规划 推进教育现代化为国家建设提供人才支撑确定扩大对外开放积极利用外资的政策措施 营造更加公平便利的市场环境,教育
m-1063934939-1482317940,李克强主持召开国务院常务会议通过十三五卫生与健康规划 部署今后五年深化医药卫生体制改革工作确定加快灾后水利薄弱环节和城市排水防涝能力补短板建设 促进民生改善和生态修复批准2016年度国家科学技术奖励评,医药健康
m-992231170-1481106480,李克强主持召开国务院常务会议审议通过促进中部地区崛起规划 推动区域协调发展培育新的增长极通过国家信息化和科技重大专项十三五重点规划 推进经济结构升级通过中华人民共和国水污染防治法修正案(草案),区域发展
m-864441492-1480495020,李克强主持召开国务院常务会议听取全面推开营改增试点减轻税负情况汇报 决定实行增值税定额返还以保障地方既有财力听取中央企业监督检查情况汇报 强化外部监督促进国资经营提质增效,税务
m-1221119837-1479977940,李克强主持召开国务院常务会议听取今年钢煤行业去产能工作基本完成任务情况汇报 决定派出国务院调查组严查个别企业违法违规行为决定再取消一批职业资格许可和认定事项 更加便利就业创业通过中华人民共和国反不正当,民生扶贫
m-1066260540-1479290460,李克强主持召开国务院常务会议通过全国十三五脱贫攻坚规划 确保农村贫困人口同步进入全面小康确定推进教育脱贫的政策措施 帮助群众依靠知识技能摆脱贫困部署十三五生态环境保护工作 推动绿色发展改善人民生活,教育
m-829228301-1477910820,李克强主持召开国务院常务会议听取国务院第三次大督查情况汇报 推动改革发展和民生改善政策措施切实落地见效确定全面推进政务公开相关实施细则 促进政府施政更加透明高效,宏观
m-722465887-1476437220,李克强主持召开国务院常务会议确定进一步扩大国内消费的政策措施 促进服务业发展和经济转型升级部署持续深化商事制度改革 更大降低创业创新制度性成本,零售消费
m-977214197-1475924760,李克强主持召开国务院常务会议确定进一步精简政府核准的投资项目 以深化改革更大释放市场活力决定简化外资企业等审批管理 营造扩大开放的更好环境通过全国农业现代化规划 促进农业升级农村发展农民增收,农业农村
m-706651039-1473848280,李克强主持召开国务院常务会议部署加快推进互联网+政务服务以深化政府自身改革更大程度利企便民决定大力发展装配式建筑 推动产业结构调整升级,基建
m-550143475-1473152340,李克强主持召开国务院常务会议部署在关键领域和薄弱环节加大补短板工作力度依靠改革开放推动发展升级和民生改善,民生扶贫
m-948234722-1472724900,李克强主持召开国务院常务会议确定促进创业投资发展的政策措施 释放社会投资潜力助力实体经济部署建设北京全国科技创新中心 加快推进创新型国家建设 通过中华人民共和国无线电管理条例(修订草案),企业发展
m-492601605-1472120460,李克强主持召开国务院常务会议部署促进消费品标准和质量提升 增加中国制造有效供给满足消费升级需求,制造业
m-1442271382-1471342740,李克强主持召开国务院常务会议部署对钢铁煤炭行业化解过剩产能开展专项督查 确保完成既定目标任务听取促进外贸增长政策落实情况汇报 推动进出口回稳向好决定免除普通高中建档立卡家庭经济困难学生学杂费 推进扶贫,能源
m-1354737278-1469618520,李克强主持召开国务院常务会议听取关于地方和部门推进重大项目落地审计情况汇报 完善奖惩机制部署建立法治化市场化去产能机制 推动产业升级确定有针对性加强小微企业金融服务的措施 缓解融资难融资贵听取金融业营,区域发展
m-1020277137-1469013000,李克强主持召开国务院常务会议通过十三五国家科技创新专项规划 以创新型国家建设引领和支撑升级发展部署推进互联网+物流 降低企业成本便利群众生活通过国务院及其各部门任命的国家工作人员宪法宣誓组织办法,科技
m-817857170-1467974580,李克强主持召开国务院常务会议部署各地各部门整改审计查出的问题 通过改革完善制度提高公共资金绩效听取政府和社会资本合作模式推广情况汇报 推动更有效激发社会投资活力,宏观
m-765696670-1467195960,李克强主持召开国务院常务会议部署促进川陕革命老区振兴发展 推动老区加快致富全面奔小康原则通过中长期铁路网规划 以交通大动脉建设支撑经济社会升级发展,交通运输
m-523752768-1466590860,李克强主持召开国务院常务会议听取民间投资政策落实专项督查工作汇报 要求以不断深化改革调动民间投资积极性,企业发展
m-858844215-1465987920,李克强主持召开国务院常务会议决定宣布失效一批与现行法律法规不一致不利于办事创业不适应经济社会发展需要的政策性文件部署清理规范工程建设领域保证金 降低企业成本营造公平竞争环境,基建
m-1169042205-1465380900,李克强主持召开国务院常务会议部署实施健康扶贫工程 提升农村贫困人口医疗保障和健康水平确定发展和规范健康医疗大数据应用的措施 通过互联网+医疗更好满足群众需求决定建设福厦泉与合芜蚌两个国家自主创新示范区,交通运输
m-1064774729-1464783300,李克强主持召开国务院常务会议部署加强困境儿童保障工作 对他们的成长给予更多关爱帮助确定完善中央财政科研项目资金管理的措施 更大激发科研人员创新创造活力决定再取消一批职业资格许可和认定事项 持续降低就业,就业
m-771744735-1463567520,李克强主持召开国务院常务会议确定持续推进商事制度改革的措施 营造有利创业创新的市场环境部署推动中央企业瘦身健体提质增效 以促改革调结构增强企业竞争力,宏观
m-1046271359-1462962000,李克强主持召开国务院常务会议部署促进消费品工业增品种提品质创品牌 更好满足群众消费升级需求决定进一步精简投资项目报建审批 以改革营造更加便利的投资环境通过长江三角洲城市群发展规划 培育更高水平的经济增,制造业
m-1284736599-1462356360,李克强主持召开国务院常务会议决定对促进民间投资政策落实情况开展专项督查 着力扩大民间投资部署推动制造业与互联网深度融合 加快中国制造转型升级确定培育和发展住房租赁市场的措施 推进新型城镇化满足群众住房,制造业
m-999369268-1461145740,李克强主持召开国务院常务会议部署开展交通基础设施扶贫 增强贫困地区脱贫致富能力决定建设一批大众创业万众创新示范基地 推动双创迈向更高层次和水平确定促进进出口回稳向好的政策措施 推进外贸转型升级,交通运输
m-1330964156-1460541840,李克强主持召开国务院常务会议听取山东济南非法经营疫苗系列案件调查处理情况汇报 决定先行对一批责任人实施问责通过国务院关于修改〈疫苗流通和预防接种管理条例〉的决定 强化制度监管决定阶段性降低企业社保缴费,税务
m-991143413-1459938180,李克强主持召开国务院常务会议决定实施装备制造业标准化和质量提升规划 引领中国制造升级部署推进互联网+流通行动 促进降成本扩内需增就业确定2016年深化医药卫生体制改革重点 让医改红利更多惠及人民群众,制造业
m-972550631-1459328760,李克强主持召开国务院常务会议决定新设一批国家自主创新示范区 部署推进上海加快建设科技创新中心通过成渝城市群发展规划 引领西部新型城镇化和农业现代化原则通过中华人民共和国国防交通法(草案),科技
m-970601510-1458295680,李克强主持召开国务院常务会议部署落实政府工作报告责任分工 确保实现全年发展主要目标任务确定今年经济体制改革重点工作 为促发展惠民生防风险提供保障部署全面推开营改增试点 进一步减轻企业税负,宏观
m-706481294-1456309140,李克强主持召开国务院常务会议确定进一步支持新能源汽车产业的措施 以结构优化推动绿色发展部署加强文物保护和合理利用 传承文化根脉凝聚民族精神,绿色发展
m-742278316-1455703140,李克强主持召开国务院常务会议听取2015年全国两会建议提案办理工作汇报汇聚众智提高公共决策水平确定支持科技成果转移转化的政策措施促进科技与经济深度融合,科技
m-957817816-1455445740,李克强主持召开国务院常务会议部署推动医药产业创新升级 更好服务惠民生稳增长确定进一步促进中医药发展措施 发挥传统医学优势造福人民决定开展服务贸易创新发展试点 推进外贸转型增强服务业竞争力,医药健康
m-719737745-1454570880,李克强主持召开国务院常务会议部署建设双创基地发展众创空间 加快培育新动能决定实施新一轮农村电网改造升级工程 以补短板调结构促稳增长惠民生等,基建
m-1014321651-1453889940,李克强主持召开国务院常务会议确定金融支持工业增效升级的措施 壮大实体经济基础决定推动中国制造2025与互联网+融合发展决定清理规范一批政府性基金收费项目 持续为企业减负部署全面加强农村留守儿童关爱保护,制造业
m-730306108-1453626600,李克强主持召开国务院常务会议部署深入推进以人为核心的新型城镇化 更大释放内需潜力确定进一步化解钢铁煤炭行业过剩产能的措施 促进企业脱困和产业升级,区域发展
m-700870226-1452679680,李克强主持召开国务院常务会议决定再推出一批简政放权改革措施让市场活力更大释放确定完善高新技术企业认定办法使更多创新型企业得到政策支持,企业发展
m-762718603-1452075960,李克强主持召开国务院常务会议决定根据督查情况完善激励和问责机制 以奖惩分明促勤政有为部署新设一批跨境电子商务综合试验区 用新模式为外贸发展提供新支撑,新冠疫情
m-958455282-1450866720,李克强主持召开国务院常务会议部署推进农村一二三产业融合发展以结构性改革强农惠农确定进一步显著提高直接融资比重措施提升金融服务实体经济效率决定下调全国燃煤发电上网电价减轻企业负担促进结构优化,农业农村
m-1288113167-1450260060,李克强主持召开国务院常务会议决定深化先照后证改革开展证照分离试点着力缓解办证难激发双创活力核准一批水电核电等清洁能源重大项目以绿色发展促结构调整民生改善批准2015年度国家科学技术奖励评审结果通过中华,绿色发展
m-1377267681-1449658800,李克强主持召开国务院常务会议部署促进中央企业增效升级 听取监事会对央企监督检查情况汇报确定改革完善知识产权制度的措施 保障和激励大众创业万众创新通过提请全国人大常委会授权国务院在实施股票发行注册制改革,企业发展
m-1725308580-1449048600,李克强主持召开国务院常务会议听取人民币加入特别提款权情况和下一步金融改革开放相关工作汇报部署在多地开展金融改革创新试点 提升金融服务实体经济能力决定全面实施燃煤电厂超低排放和节能改造 大幅降低发电煤耗,能源
m-938424891-1447846740,李克强主持召开国务院常务会议确定改进公共服务措施 以持续简政放权便利群众办事创业部署加快企业技术升级改造 推动产业迈向中高端决定统一城乡义务教育经费保障机制 推进教育领域公共服务均等化,教育
m-357622708-1676962140,决定2023年2月26日至28日在北京召开中国共产党第二十届中央委员会第二次全体会议,区域发展
m-956906630-1677075480,李克强主持召开国务院常务会议听取全国两会建议提案办理情况汇报 部署做好今年全国两会听取代表和委员意见建议工作听取落实涉企收费优惠政策和整治违规收费情况汇报 要求进一步巩固整治乱收费成果,宏观
m-832429239-1558524780,李克强主持召开国务院常务会议确定深入推进市场化法治化债转股的措施 支持企业纾困化险增强发展后劲部署进一步推动社会办医持续健康规范发展 增加医疗服务供给促进民生改善,医药健康
m-75739182-1677945600,2023年政府工作报告,就业
m-75738989-1677945600,2023年政府工作报告,就业
m-75737255-1646409600,2022年政府工作报告,宏观
m-75737062-1646409600,2022年政府工作报告,宏观
m-75737061-1615392000,2021年政府工作报告,宏观
m-75737254-1615392000,2021年政府工作报告,宏观
m-75737253-1590076800,2020年政府工作报告,就业
m-75737060-1590076800,2020年政府工作报告,就业
m-75737262-1551715200,2019年政府工作报告,基建
m-75737068-1551715200,2019年政府工作报告,基建
m-75737261-1551715200,2019年政府工作报告,基建
m-75737067-1520179200,2018年政府工作报告,基建
m-75737260-1520179200,2018年政府工作报告,基建
m-75737261-1520179200,2018年政府工作报告,基建
m-75737066-1488643200,2017年政府工作报告,就业
m-75737259-1488643200,2017年政府工作报告,就业
m-75737258-1457107200,2016年政府工作报告,就业
m-75737259-1457107200,2016年政府工作报告,就业
m-75737065-1457107200,2016年政府工作报告,就业
m-75737257-1425484800,2015年政府工作报告,宏观
m-75737064-1425484800,2015年政府工作报告,宏观
m-75737256-1393948800,2014年政府工作报告,基建
m-75737063-1393948800,2014年政府工作报告,基建
m-75737255-1362412800,2013年政府工作报告,就业
m-75737062-1362412800,2013年政府工作报告,就业
m-75737061-1330876800,2012年政府工作报告,基建
m-75737254-1330876800,2012年政府工作报告,基建
m-75737060-1299254400,2011年政府工作报告,就业
m-75737254-1299254400,2011年政府工作报告,就业
m-75737253-1299254400,2011年政府工作报告,就业
m-75737252-1267718400,2010年政府工作报告,宏观
m-75737059-1267718400,2010年政府工作报告,宏观
m-75737253-1267718400,2010年政府工作报告,宏观
m-75737261-1236182400,2009年政府工作报告,基建
m-75737067-1236182400,2009年政府工作报告,基建
m-75737260-1236182400,2009年政府工作报告,基建
m-75737259-1204646400,2008年政府工作报告,就业
m-75737260-1204646400,2008年政府工作报告,就业
m-75737066-1204646400,2008年政府工作报告,就业
m-75737258-1173024000,2007年政府工作报告,基建
m-75737065-1173024000,2007年政府工作报告,基建
m-75737258-1141488000,2006年政府工作报告,宏观
m-75737064-1141488000,2006年政府工作报告,宏观
m-75737257-1141488000,2006年政府工作报告,宏观
m-75737256-1109952000,2005年政府工作报告,基建
m-75737063-1109952000,2005年政府工作报告,基建
m-75737255-1078416000,2004年政府工作报告,基建
m-75737062-1078416000,2004年政府工作报告,基建
m-75737255-1046793600,2003年政府工作报告,就业
m-75737061-1046793600,2003年政府工作报告,就业
m-75737254-1046793600,2003年政府工作报告,就业
m-75737060-1015257600,2002年政府工作报告,宏观
